,season,team_name1,team_name2,first_half,second_half,match_score,attendance,match_time,first_half_home,first_half_away,second_half_home,second_half_away,total_scored_home,total_scored_away,first_half_total,second_half_total,total_goal,winner
0,2020/2021,Bayern,Schalke,3-0,5-0,8-0,Unknown,18:30,3,0,5,0,8,0,3,5,8,Home
1,2020/2021,M'gladbach,Hoffenheim,1-0,0-2,1-2,Unknown,14:30,1,0,0,2,1,2,1,2,3,Away
2,2020/2021,Mainz,W. Bremen,0-0,0-1,0-1,Unknown,14:30,0,0,0,1,0,1,0,1,1,Away
3,2020/2021,Leverkusen,Bayern,1-1,0-1,1-2,Unknown,17:30,1,1,0,1,1,2,2,1,3,Away
4,2020/2021,Augsburg,Frankfurt,0-0,0-2,0-2,Unknown,14:30,0,0,0,2,0,2,0,2,2,Away
5,2020/2021,RB Leipzig,Köln,0-0,0-0,0-0,Unknown,14:30,0,0,0,0,0,0,0,0,0,Draw
6,2020/2021,Schalke,Bielefeld,0-0,0-1,0-1,Unknown,14:30,0,0,0,1,0,1,0,1,1,Away
7,2020/2021,Union Berlin,Dortmund,0-0,2-1,2-1,Unknown,19:30,0,0,2,1,2,1,0,3,3,Home
8,2020/2021,Bielefeld,Augsburg,0-0,0-1,0-1,Unknown,19:30,0,0,0,1,0,1,0,1,1,Away
9,2020/2021,Köln,Leverkusen,0-2,0-2,0-4,Unknown,19:30,0,2,0,2,0,4,2,2,4,Away
10,2020/2021,Dortmund,RB Leipzig,1-0,2-2,3-2,Unknown,13:30,1,0,2,2,3,2,1,4,5,Home
11,2020/2021,Union Berlin,Frankfurt,2-2,1-1,3-3,Unknown,14:30,2,2,1,1,3,3,4,2,6,Draw
12,2020/2021,Bayern,Wolfsburg,1-1,1-0,2-1,Unknown,19:30,1,1,1,0,2,1,2,1,3,Home
13,2020/2021,Schalke,Freiburg,0-0,0-2,0-2,Unknown,17:30,0,0,0,2,0,2,0,2,2,Away
14,2020/2021,Hoffenheim,RB Leipzig,0-0,0-1,0-1,Unknown,19:30,0,0,0,1,0,1,0,1,1,Away
15,2020/2021,Hertha,Mainz,0-0,0-0,0-0,Unknown,19:30,0,0,0,0,0,0,0,0,0,Draw
16,2022/2023,Frankfurt,Bayern,0-5,1-1,1-6,"51,500",18:30,0,5,1,1,1,6,5,2,7,Away
17,2022/2023,Dortmund,Mainz,0-2,2-0,2-2,"81,365",13:30,0,2,2,0,2,2,2,2,4,Draw
18,2022/2023,Frankfurt,Freiburg,0-1,2-0,2-1,"50,500",13:30,0,1,2,0,2,1,1,2,3,Home
19,2022/2023,Köln,Bayern,0-1,1-1,1-2,"50,000",13:30,0,1,1,1,1,2,1,2,3,Away
20,2022/2023,RB Leipzig,Schalke,2-1,2-1,4-2,"47,069",13:30,2,1,2,1,4,2,3,3,6,Home
21,2022/2023,Union Berlin,W. Bremen,0-0,1-0,1-0,"22,012",13:30,0,0,1,0,1,0,0,1,1,Home
22,2022/2023,Wolfsburg,Hertha,1-0,0-2,1-2,"26,775",13:30,1,0,0,2,1,2,1,2,3,Away
23,2021/2022,Stuttgart,Köln,1-0,1-1,2-1,"52,230",13:30,1,0,1,1,2,1,1,2,3,Home
24,2021/2022,Dortmund,Hertha,0-1,2-0,2-1,"80,500",13:30,0,1,2,0,2,1,1,2,3,Home
25,2021/2022,Union Berlin,Bochum,2-0,1-2,3-2,"22,012",13:30,2,0,1,2,3,2,2,3,5,Home
26,2021/2022,Wolfsburg,Bayern,1-2,1-0,2-2,"30,000",13:30,1,2,1,0,2,2,3,1,4,Draw
27,2021/2022,Augsburg,Fürth,1-1,1-0,2-1,"27,907",13:30,1,1,1,0,2,1,2,1,3,Home
28,2021/2022,Mainz,Frankfurt,1-2,1-0,2-2,"33,000",13:30,1,2,1,0,2,2,3,1,4,Draw
29,2021/2022,Leverkusen,Freiburg,0-0,2-1,2-1,"30,210",13:30,0,0,2,1,2,1,0,3,3,Home
30,2021/2022,Bielefeld,RB Leipzig,0-0,1-1,1-1,"22,719",13:30,0,0,1,1,1,1,0,2,2,Draw
31,2021/2022,M'gladbach,Hoffenheim,3-1,2-0,5-1,"50,395",13:30,3,1,2,0,5,1,4,2,6,Home
32,2021/2022,RB Leipzig,Augsburg,1-0,3-0,4-0,"37,029",17:30,1,0,3,0,4,0,1,3,4,Home
33,2021/2022,Bayern,Stuttgart,2-1,0-1,2-2,"75,000",15:30,2,1,0,1,2,2,3,1,4,Draw
34,2021/2022,Frankfurt,M'gladbach,0-1,1-0,1-1,"51,500",13:30,0,1,1,0,1,1,1,1,2,Draw
35,2021/2022,Fürth,Dortmund,0-1,1-2,1-3,"16,600",13:30,0,1,1,2,1,3,1,3,4,Away
36,2021/2022,Hertha,Mainz,1-1,0-1,1-2,"71,548",16:30,1,1,0,1,1,2,2,1,3,Away
37,2021/2022,Hoffenheim,Leverkusen,2-1,0-3,2-4,"20,033",13:30,2,1,0,3,2,4,3,3,6,Away
38,Freiburg - Union Berlin,Freiburg,Union Berlin,0-3,1-1,1-4,"34,700",13:30,0,3,1,1,1,4,3,2,5,Away
39,2021/2022,Köln,Wolfsburg,0-1,0-0,0-1,"50,000",13:30,0,1,0,0,0,1,1,0,1,Away
40,2021/2022,Bochum,Bielefeld,1-1,1-0,2-1,"25,000",18:30,1,1,1,0,2,1,2,1,3,Home
41,2021/2022,Leverkusen,Frankfurt,1-0,1-0,2-0,"26,492",18:30,1,0,1,0,2,0,1,1,2,Home
42,2021/2022,Augsburg,Köln,0-2,1-2,1-4,"29,511",13:30,0,2,1,2,1,4,2,3,5,Away
43,2021/2022,M'gladbach,RB Leipzig,2-1,1-0,3-1,"35,324",18:30,2,1,1,0,3,1,3,1,4,Home
44,2021/2022,Hoffenheim,Freiburg,1-1,2-3,3-4,"23,627",16:30,1,1,2,3,3,4,2,5,7,Away
45,2021/2022,Mainz,Bayern,2-1,1-0,3-1,"33,305",13:30,2,1,1,0,3,1,3,1,4,Home
46,2021/2022,Bielefeld,Hertha,0-0,1-1,1-1,"26,021",13:30,0,0,1,1,1,1,0,2,2,Draw
47,2021/2022,Stuttgart,Wolfsburg,0-1,1-0,1-1,"55,000",13:30,0,1,1,0,1,1,1,1,2,Draw
48,2021/2022,Dortmund,Bochum,2-2,1-2,3-4,"81,365",13:30,2,2,1,2,3,4,4,3,7,Away
49,2021/2022,Union Berlin,Fürth,0-1,1-0,1-1,"22,012",18:30,0,1,1,0,1,1,1,1,2,Draw
50,2021/2022,Bayern,Dortmund,2-0,1-1,3-1,"75,000",16:30,2,0,1,1,3,1,2,2,4,Home
51,2021/2022,Hertha,Stuttgart,1-0,1-0,2-0,"54,589",15:30,1,0,1,0,2,0,1,1,2,Home
52,2021/2022,Bochum,Augsburg,0-2,0-0,0-2,"23,500",13:30,0,2,0,0,0,2,2,0,2,Away
53,Freiburg - M'gladbach,Freiburg,M'gladbach,0-2,3-1,3-3,"34,700",13:30,0,2,3,1,3,3,2,4,6,Draw
54,2021/2022,Frankfurt,Hoffenheim,1-1,1-1,2-2,"50,500",13:30,1,1,1,1,2,2,2,2,4,Draw
55,2021/2022,Köln,Bielefeld,2-1,1-0,3-1,"50,000",13:30,2,1,1,0,3,1,3,1,4,Home
56,2021/2022,RB Leipzig,Union Berlin,0-0,1-2,1-2,"45,770",13:30,0,0,1,2,1,2,0,3,3,Away
57,2021/2022,Fürth,Leverkusen,1-2,0-2,1-4,"11,579",13:30,1,2,0,2,1,4,3,2,5,Away
58,2021/2022,Wolfsburg,Mainz,5-0,0-0,5-0,"19,055",18:30,5,0,0,0,5,0,5,0,5,Home
59,2021/2022,Leverkusen,RB Leipzig,0-0,0-1,0-1,"26,119",17:30,0,0,0,1,0,1,0,1,1,Away
60,2021/2022,Union Berlin,Frankfurt,2-0,0-0,2-0,"22,000",15:30,2,0,0,0,2,0,2,0,2,Home
61,2021/2022,Hoffenheim,Fürth,0-0,0-0,0-0,"16,110",15:30,0,0,0,0,0,0,0,0,0,Draw
62,2021/2022,Bielefeld,Bayern,0-2,0-1,0-3,"26,419",13:30,0,2,0,1,0,3,2,1,3,Away
63,2021/2022,M'gladbach,Köln,0-3,1-0,1-3,"54,042",16:30,0,3,1,0,1,3,3,1,4,Away
64,2021/2022,Dortmund,Wolfsburg,5-0,1-1,6-1,"79,200",13:30,5,0,1,1,6,1,5,2,7,Home
65,2021/2022,Augsburg,Hertha,0-0,0-1,0-1,"28,533",13:30,0,0,0,1,0,1,0,1,1,Away
66,2021/2022,Mainz,Stuttgart,0-0,0-0,0-0,"30,128",13:30,0,0,0,0,0,0,0,0,0,Draw
67,2021/2022,RB Leipzig,Hoffenheim,3-0,0-0,3-0,"35,112",17:30,3,0,0,0,3,0,3,0,3,Home
68,Freiburg - Bochum,Freiburg,Bochum,2-0,1-0,3-0,"34,000",13:30,2,0,1,0,3,0,2,1,3,Home
69,2021/2022,Frankfurt,Freiburg,0-1,1-1,1-2,"47,000",15:30,0,1,1,1,1,2,1,2,3,Away
70,2021/2022,Bochum,Leverkusen,0-0,0-0,0-0,"25,000",13:30,0,0,0,0,0,0,0,0,0,Draw
71,2021/2022,Hertha,Union Berlin,0-1,1-3,1-4,"74,667",16:30,0,1,1,3,1,4,1,4,5,Away
72,2021/2022,Fürth,M'gladbach,0-2,0-0,0-2,"13,900",13:30,0,2,0,0,0,2,2,0,2,Away
73,2021/2022,Köln,Mainz,0-1,3-1,3-2,"49,800",13:30,0,1,3,1,3,2,1,4,5,Home
74,2021/2022,Stuttgart,Dortmund,0-1,0-1,0-2,"58,248",18:30,0,1,0,1,0,2,1,1,2,Away
75,2021/2022,M'gladbach,Mainz,1-0,0-1,1-1,"44,156",15:30,1,0,0,1,1,1,1,1,2,Draw
76,2021/2022,Wolfsburg,Bielefeld,2-0,2-0,4-0,"22,512",13:30,2,0,2,0,4,0,2,2,4,Home
77,2021/2022,Bayern,Augsburg,0-0,1-0,1-0,"75,000",13:30,0,0,1,0,1,0,0,1,1,Home
78,2021/2022,Augsburg,Wolfsburg,1-0,2-0,3-0,"23,143",13:30,1,0,2,0,3,0,1,2,3,Home
79,2021/2022,Dortmund,RB Leipzig,0-2,1-2,1-4,"81,365",16:30,0,2,1,2,1,4,2,3,5,Away
80,2021/2022,Hoffenheim,Bochum,0-1,1-1,1-2,"15,014",13:30,0,1,1,1,1,2,1,2,3,Away
81,Freiburg - Bayern,Freiburg,Bayern,0-0,1-4,1-4,"34,700",13:30,0,0,1,4,1,4,0,5,5,Away
82,2021/2022,Leverkusen,Hertha,2-1,0-0,2-1,"23,557",13:30,2,1,0,0,2,1,3,0,3,Home
83,2021/2022,Frankfurt,Fürth,0-0,0-0,0-0,"50,500",13:30,0,0,0,0,0,0,0,0,0,Draw
84,2021/2022,Bielefeld,Stuttgart,0-1,1-0,1-1,"26,011",13:30,0,1,1,0,1,1,1,1,2,Draw
85,2021/2022,Union Berlin,Köln,0-0,1-0,1-0,"22,012",18:30,0,0,1,0,1,0,0,1,1,Home
86,2021/2022,Köln,Dortmund,1-1,0-0,1-1,"50,000",18:30,1,1,0,0,1,1,2,0,2,Draw
87,2021/2022,Wolfsburg,Leverkusen,0-0,0-2,0-2,"16,554",16:30,0,0,0,2,0,2,0,2,2,Away
88,2021/2022,RB Leipzig,Frankfurt,0-0,0-0,0-0,"43,058",14:30,0,0,0,0,0,0,0,0,0,Draw
89,2021/2022,Bayern,Union Berlin,3-0,1-0,4-0,"37,000",17:30,3,0,1,0,4,0,3,1,4,Home
90,2021/2022,Mainz,Bielefeld,1-0,3-0,4-0,"25,000",14:30,1,0,3,0,4,0,1,3,4,Home
91,2021/2022,Hertha,Hoffenheim,1-0,2-0,3-0,"25,000",14:30,1,0,2,0,3,0,1,2,3,Home
92,2021/2022,Stuttgart,Augsburg,1-2,2-0,3-2,"55,785",14:30,1,2,2,0,3,2,3,2,5,Home
93,2021/2022,Fürth,Freiburg,0-0,0-0,0-0,"9,884",14:30,0,0,0,0,0,0,0,0,0,Draw
94,2021/2022,Augsburg,Mainz,1-0,1-1,2-1,"18,122",16:30,1,0,1,1,2,1,1,2,3,Home
95,2021/2022,Fürth,RB Leipzig,1-4,0-2,1-6,"9,418",18:30,1,4,0,2,1,6,5,2,7,Away
96,2021/2022,Dortmund,Bielefeld,1-0,0-0,1-0,"33,000",16:30,1,0,0,0,1,0,1,0,1,Home
97,2021/2022,Frankfurt,Bochum,0-1,2-0,2-1,"24,000",16:30,0,1,2,0,2,1,1,2,3,Home
98,2021/2022,Leverkusen,Köln,0-0,0-1,0-1,"22,658",14:30,0,0,0,1,0,1,0,1,1,Away
99,2021/2022,Union Berlin,Stuttgart,1-0,0-1,1-1,"16,509",14:30,1,0,0,1,1,1,1,1,2,Draw
100,2021/2022,M'gladbach,Hertha,1-0,1-0,2-0,"30,675",17:30,1,0,1,0,2,0,1,1,2,Home
101,2021/2022,Hoffenheim,Bayern,1-1,0-0,1-1,"25,600",14:30,1,1,0,0,1,1,2,0,2,Draw
102,Freiburg - Wolfsburg,Freiburg,Wolfsburg,2-0,1-2,3-2,"25,000",14:30,2,0,1,2,3,2,2,3,5,Home
103,2021/2022,Mainz,Dortmund,0-0,0-1,0-1,"25,000",17:30,0,0,0,1,0,1,0,1,1,Away
104,2021/2022,Köln,Hoffenheim,0-0,0-1,0-1,"37,500",16:30,0,0,0,1,0,1,0,1,1,Away
105,2021/2022,Stuttgart,M'gladbach,1-2,2-0,3-2,"25,000",17:30,1,2,2,0,3,2,3,2,5,Home
106,2021/2022,Wolfsburg,Union Berlin,1-0,0-0,1-0,"15,703",14:30,1,0,0,0,1,0,1,0,1,Home
107,2021/2022,RB Leipzig,Freiburg,0-1,1-0,1-1,"24,758",14:30,0,1,1,0,1,1,1,1,2,Draw
108,2021/2022,Bochum,Fürth,1-0,1-1,2-1,"19,800",14:30,1,0,1,1,2,1,1,2,3,Home
109,2021/2022,Bayern,Leverkusen,1-1,0-0,1-1,"25,000",14:30,1,1,0,0,1,1,2,0,2,Draw
110,2021/2022,Hertha,Frankfurt,0-1,1-3,1-4,"25,000",14:30,0,1,1,3,1,4,1,4,5,Away
111,2021/2022,Bielefeld,Augsburg,0-0,0-1,0-1,"19,460",19:30,0,0,0,1,0,1,0,1,1,Away
112,2021/2022,Augsburg,Dortmund,0-1,1-0,1-1,"15,330",16:30,0,1,1,0,1,1,1,1,2,Draw
113,2021/2022,Bochum,RB Leipzig,0-0,0-1,0-1,"10,000",14:30,0,0,0,1,0,1,0,1,1,Away
114,2021/2022,Frankfurt,Bayern,0-0,0-1,0-1,"25,000",17:30,0,0,0,1,0,1,0,1,1,Away
115,2021/2022,Union Berlin,Mainz,1-0,2-1,3-1,"10,000",14:30,1,0,2,1,3,1,1,3,4,Home
116,2021/2022,Fürth,Köln,0-0,1-1,1-1,"9,200",14:30,0,0,1,1,1,1,0,2,2,Draw
117,2021/2022,M'gladbach,Wolfsburg,1-2,1-0,2-2,"10,000",14:30,1,2,1,0,2,2,3,1,4,Draw
118,Freiburg - Hertha,Freiburg,Hertha,1-0,2-0,3-0,"25,000",14:30,1,0,2,0,3,0,1,2,3,Home
119,2021/2022,Leverkusen,Bielefeld,1-0,2-0,3-0,"10,000",14:30,1,0,2,0,3,0,1,2,3,Home
120,2021/2022,Hoffenheim,Stuttgart,0-0,2-1,2-1,"18,099",19:30,0,0,2,1,2,1,0,3,3,Home
121,2021/2022,Hertha,RB Leipzig,0-1,1-5,1-6,"10,000",18:30,0,1,1,5,1,6,1,6,7,Away
122,2021/2022,Dortmund,M'gladbach,2-0,4-0,6-0,"10,000",16:30,2,0,4,0,6,0,2,4,6,Home
123,2021/2022,Köln,Frankfurt,0-0,1-0,1-0,"10,000",17:30,0,0,1,0,1,0,0,1,1,Home
124,2021/2022,Bayern,Fürth,0-1,4-0,4-1,"25,000",14:30,0,1,4,0,4,1,1,4,5,Home
125,2021/2022,Augsburg,Freiburg,1-2,0-0,1-2,"15,000",14:30,1,2,0,0,1,2,3,0,3,Away
126,2021/2022,Wolfsburg,Hoffenheim,1-0,0-2,1-2,"7,145",14:30,1,0,0,2,1,2,1,2,3,Away
127,2021/2022,Bielefeld,Union Berlin,0-0,1-0,1-0,"10,000",14:30,0,0,1,0,1,0,0,1,1,Home
128,2021/2022,Stuttgart,Bochum,0-0,1-1,1-1,"20,059",14:30,0,0,1,1,1,1,0,2,2,Draw
129,2021/2022,Mainz,Leverkusen,0-1,3-1,3-2,"10,000",19:30,0,1,3,1,3,2,1,4,5,Home
130,2021/2022,Hoffenheim,Bielefeld,1-0,1-0,2-0,"10,000",16:30,1,0,1,0,2,0,1,1,2,Home
131,2021/2022,Leverkusen,Stuttgart,1-0,3-2,4-2,"10,000",17:30,1,0,3,2,4,2,1,5,6,Home
132,Freiburg - Mainz,Freiburg,Mainz,0-1,1-0,1-1,"10,000",14:30,0,1,1,0,1,1,1,1,2,Draw
133,2021/2022,Union Berlin,Dortmund,0-2,0-1,0-3,"10,000",14:30,0,2,0,1,0,3,2,1,3,Away
134,2021/2022,Bochum,Bayern,4-1,0-1,4-2,"10,000",14:30,4,1,0,1,4,2,5,1,6,Home
135,2021/2022,M'gladbach,Augsburg,1-0,2-2,3-2,"10,000",14:30,1,0,2,2,3,2,1,4,5,Home
136,2021/2022,Frankfurt,Wolfsburg,0-1,0-1,0-2,"10,000",14:30,0,1,0,1,0,2,1,1,2,Away
137,2021/2022,Fürth,Hertha,1-0,1-1,2-1,"9,000",14:30,1,0,1,1,2,1,1,2,3,Home
138,2021/2022,RB Leipzig,Köln,1-0,2-1,3-1,"15,000",19:30,1,0,2,1,3,1,1,3,4,Home
139,2021/2022,Wolfsburg,Fürth,1-1,3-0,4-1,500,16:30,1,1,3,0,4,1,2,3,5,Home
140,2021/2022,Dortmund,Leverkusen,1-3,1-2,2-5,"10,000",14:30,1,3,1,2,2,5,4,3,7,Away
141,2021/2022,Bayern,RB Leipzig,2-1,1-1,3-2,"10,000",17:30,2,1,1,1,3,2,3,2,5,Home
142,2021/2022,Bielefeld,M'gladbach,1-1,0-0,1-1,"10,000",14:30,1,1,0,0,1,1,2,0,2,Draw
143,2021/2022,Stuttgart,Frankfurt,1-1,1-2,2-3,"10,000",14:30,1,1,1,2,2,3,2,3,5,Away
144,2021/2022,Köln,Freiburg,1-0,0-0,1-0,"10,000",14:30,1,0,0,0,1,0,1,0,1,Home
145,2021/2022,Augsburg,Union Berlin,1-0,1-0,2-0,"7,600",14:30,1,0,1,0,2,0,1,1,2,Home
146,2021/2022,Mainz,Hoffenheim,0-0,2-0,2-0,"6,800",14:30,0,0,2,0,2,0,0,2,2,Home
147,2021/2022,Hertha,Bochum,1-0,0-1,1-1,"3,000",19:30,1,0,0,1,1,1,1,1,2,Draw
148,2021/2022,Hertha,Bayern,0-2,1-2,1-4,"3,000",16:30,0,2,1,2,1,4,2,3,5,Away
149,2021/2022,RB Leipzig,Wolfsburg,0-0,2-0,2-0,"1,000",14:30,0,0,2,0,2,0,0,2,2,Home
150,2021/2022,Bochum,Köln,1-2,1-0,2-2,750,17:30,1,2,1,0,2,2,3,1,4,Draw
151,2021/2022,Fürth,Mainz,1-0,1-1,2-1,Unknown,14:30,1,0,1,1,2,1,1,2,3,Home
152,2021/2022,Hoffenheim,Dortmund,1-1,1-2,2-3,500,14:30,1,1,1,2,2,3,2,3,5,Away
153,Freiburg - Stuttgart,Freiburg,Stuttgart,1-0,1-0,2-0,500,14:30,1,0,1,0,2,0,1,1,2,Home
154,2021/2022,Leverkusen,Augsburg,2-0,3-1,5-1,750,14:30,2,0,3,1,5,1,2,4,6,Home
155,2021/2022,M'gladbach,Union Berlin,1-1,0-1,1-2,750,14:30,1,1,0,1,1,2,2,1,3,Away
156,2021/2022,Frankfurt,Bielefeld,0-2,0-0,0-2,"1,000",19:30,0,2,0,0,0,2,2,0,2,Away
157,2021/2022,Bielefeld,Fürth,1-1,1-1,2-2,750,16:30,1,1,1,1,2,2,2,2,4,Draw
158,2021/2022,Augsburg,Frankfurt,1-1,0-0,1-1,Unknown,14:30,1,1,0,0,1,1,2,0,2,Draw
159,2021/2022,M'gladbach,Leverkusen,0-0,1-2,1-2,750,17:30,0,0,1,2,1,2,0,3,3,Away
160,2021/2022,Union Berlin,Hoffenheim,1-1,1-0,2-1,"3,000",14:30,1,1,1,0,2,1,2,1,3,Home
161,2021/2022,Mainz,Bochum,0-0,1-0,1-0,"1,000",14:30,0,0,1,0,1,0,0,1,1,Home
162,2021/2022,Wolfsburg,Hertha,0-0,0-0,0-0,500,14:30,0,0,0,0,0,0,0,0,0,Draw
163,2021/2022,Stuttgart,RB Leipzig,0-1,0-1,0-2,500,14:30,0,1,0,1,0,2,1,1,2,Away
164,2021/2022,Köln,Bayern,0-2,0-2,0-4,"1,000",14:30,0,2,0,2,0,4,2,2,4,Away
165,2021/2022,Dortmund,Freiburg,3-0,2-1,5-1,750,19:30,3,0,2,1,5,1,3,3,6,Home
166,2021/2022,Bochum,Wolfsburg,0-0,1-0,1-0,Unknown,16:30,0,0,1,0,1,0,0,1,1,Home
167,2021/2022,Hertha,Köln,0-2,1-1,1-3,"3,000",14:30,0,2,1,1,1,3,2,2,4,Away
168,2021/2022,Frankfurt,Dortmund,2-0,0-3,2-3,250,17:30,2,0,0,3,2,3,2,3,5,Away
169,Freiburg - Bielefeld,Freiburg,Bielefeld,1-0,1-2,2-2,Unknown,14:30,1,0,1,2,2,2,1,3,4,Draw
170,2021/2022,Leverkusen,Union Berlin,1-1,1-1,2-2,Unknown,14:30,1,1,1,1,2,2,2,2,4,Draw
171,2021/2022,Fürth,Stuttgart,0-0,0-0,0-0,Unknown,14:30,0,0,0,0,0,0,0,0,0,Draw
172,2021/2022,RB Leipzig,Mainz,1-0,3-1,4-1,Unknown,14:30,1,0,3,1,4,1,1,4,5,Home
173,2021/2022,Hoffenheim,Augsburg,2-1,1-0,3-1,500,14:30,2,1,1,0,3,1,3,1,4,Home
174,2021/2022,Bayern,M'gladbach,1-2,0-0,1-2,Unknown,19:30,1,2,0,0,1,2,3,0,3,Away
175,2021/2022,Köln,Stuttgart,0-0,1-0,1-0,"15,000",16:30,0,0,1,0,1,0,0,1,1,Home
176,Freiburg - Leverkusen,Freiburg,Leverkusen,1-1,1-0,2-1,750,14:30,1,1,1,0,2,1,2,1,3,Home
177,2021/2022,Hertha,Dortmund,0-1,3-1,3-2,"5,000",17:30,0,1,3,1,3,2,1,4,5,Home
178,2021/2022,RB Leipzig,Bielefeld,0-0,0-2,0-2,Unknown,14:30,0,0,0,2,0,2,0,2,2,Away
179,2021/2022,Fürth,Augsburg,0-0,0-0,0-0,Unknown,14:30,0,0,0,0,0,0,0,0,0,Draw
180,2021/2022,Hoffenheim,M'gladbach,0-1,1-0,1-1,750,14:30,0,1,1,0,1,1,1,1,2,Draw
181,2021/2022,Bochum,Union Berlin,0-1,0-0,0-1,"13,500",14:30,0,1,0,0,0,1,1,0,1,Away
182,2021/2022,Frankfurt,Mainz,1-0,0-0,1-0,"15,000",14:30,1,0,0,0,1,0,1,0,1,Home
183,2021/2022,Bayern,Wolfsburg,1-0,3-0,4-0,Unknown,19:30,1,0,3,0,4,0,1,3,4,Home
184,2021/2022,Augsburg,RB Leipzig,0-1,1-0,1-1,Unknown,19:30,0,1,1,0,1,1,1,1,2,Draw
185,2021/2022,Leverkusen,Hoffenheim,1-0,1-2,2-2,"13,272",19:30,1,0,1,2,2,2,1,3,4,Draw
186,2021/2022,Dortmund,Fürth,1-0,2-0,3-0,"15,000",19:30,1,0,2,0,3,0,1,2,3,Home
187,2021/2022,Union Berlin,Freiburg,0-0,0-0,0-0,"5,000",19:30,0,0,0,0,0,0,0,0,0,Draw
188,2021/2022,M'gladbach,Frankfurt,1-1,1-2,2-3,"10,028",17:30,1,1,1,2,2,3,2,3,5,Away
189,2021/2022,Mainz,Hertha,2-0,2-0,4-0,"10,000",19:30,2,0,2,0,4,0,2,2,4,Home
190,2021/2022,Wolfsburg,Köln,1-1,1-2,2-3,"5,000",19:30,1,1,1,2,2,3,2,3,5,Away
191,2021/2022,Bielefeld,Bochum,0-0,2-0,2-0,"13,750",19:30,0,0,2,0,2,0,0,2,2,Home
192,2021/2022,Stuttgart,Bayern,0-1,0-4,0-5,750,17:30,0,1,0,4,0,5,1,4,5,Away
193,2021/2022,Frankfurt,Leverkusen,2-2,3-0,5-2,"12,000",16:30,2,2,3,0,5,2,4,3,7,Home
194,2021/2022,Fürth,Union Berlin,0-0,1-0,1-0,Unknown,14:30,0,0,1,0,1,0,0,1,1,Home
195,2021/2022,Wolfsburg,Stuttgart,0-1,0-1,0-2,"5,000",17:30,0,1,0,1,0,2,1,1,2,Away
196,2021/2022,RB Leipzig,M'gladbach,2-0,2-1,4-1,Unknown,14:30,2,0,2,1,4,1,2,3,5,Home
197,Freiburg - Hoffenheim,Freiburg,Hoffenheim,1-1,0-1,1-2,750,14:30,1,1,0,1,1,2,2,1,3,Away
198,2021/2022,Bochum,Dortmund,1-0,0-1,1-1,"13,799",14:30,1,0,0,1,1,1,1,1,2,Draw
199,2021/2022,Bayern,Mainz,0-1,2-0,2-1,Unknown,14:30,0,1,2,0,2,1,1,2,3,Home
200,2021/2022,Hertha,Bielefeld,0-0,2-0,2-0,"5,000",14:30,0,0,2,0,2,0,0,2,2,Home
201,2021/2022,Köln,Augsburg,0-0,0-2,0-2,"15,000",19:30,0,0,0,2,0,2,0,2,2,Away
202,2021/2022,M'gladbach,Freiburg,0-6,0-0,0-6,"10,025",16:30,0,6,0,0,0,6,6,0,6,Away
203,2021/2022,Stuttgart,Hertha,2-1,0-1,2-2,395,14:30,2,1,0,1,2,2,3,1,4,Draw
204,2021/2022,Dortmund,Bayern,1-2,1-1,2-3,"15,000",17:30,1,2,1,1,2,3,3,2,5,Away
205,2021/2022,Augsburg,Bochum,0-3,2-0,2-3,Unknown,14:30,0,3,2,0,2,3,3,2,5,Away
206,2021/2022,Hoffenheim,Frankfurt,2-1,1-1,3-2,Unknown,14:30,2,1,1,1,3,2,3,2,5,Home
207,2021/2022,Mainz,Wolfsburg,2-0,1-0,3-0,"10,000",14:30,2,0,1,0,3,0,2,1,3,Home
208,2021/2022,Leverkusen,Fürth,3-1,4-0,7-1,"10,455",14:30,3,1,4,0,7,1,4,4,8,Home
209,2021/2022,Bielefeld,Köln,0-1,1-0,1-1,"8,231",14:30,0,1,1,0,1,1,1,1,2,Draw
210,2021/2022,Union Berlin,RB Leipzig,1-1,1-0,2-1,"13,506",19:30,1,1,1,0,2,1,2,1,3,Home
211,2021/2022,RB Leipzig,Leverkusen,0-2,1-1,1-3,Unknown,16:30,0,2,1,1,1,3,2,2,4,Away
212,2021/2022,Frankfurt,Union Berlin,1-0,1-1,2-1,"24,000",14:30,1,0,1,1,2,1,1,2,3,Home
213,2021/2022,Bayern,Bielefeld,0-0,1-0,1-0,"12,000",17:30,0,0,1,0,1,0,0,1,1,Home
214,2021/2022,Fürth,Hoffenheim,1-2,2-4,3-6,"3,385",14:30,1,2,2,4,3,6,3,6,9,Away
215,2021/2022,Hertha,Augsburg,1-0,0-1,1-1,"14,523",14:30,1,0,0,1,1,1,1,1,2,Draw
216,2021/2022,Wolfsburg,Dortmund,1-1,0-2,1-3,"13,281",14:30,1,1,0,2,1,3,2,2,4,Away
217,2021/2022,Bochum,Freiburg,0-0,2-1,2-1,"19,700",14:30,0,0,2,1,2,1,0,3,3,Home
218,2021/2022,Köln,M'gladbach,0-0,4-1,4-1,"50,000",14:30,0,0,4,1,4,1,0,5,5,Home
219,2021/2022,Mainz,Köln,1-0,0-1,1-1,"25,500",16:30,1,0,0,1,1,1,1,1,2,Draw
220,2021/2022,Stuttgart,Mainz,1-1,1-0,2-1,"25,000",19:30,1,1,1,0,2,1,2,1,3,Home
221,Freiburg - Frankfurt,Freiburg,Frankfurt,0-2,0-0,0-2,"32,500",14:30,0,2,0,0,0,2,2,0,2,Away
222,2021/2022,Union Berlin,Hertha,2-0,0-0,2-0,"22,012",17:30,2,0,0,0,2,0,2,0,2,Home
223,2021/2022,Hoffenheim,RB Leipzig,1-0,1-0,2-0,"13,233",14:30,1,0,1,0,2,0,1,1,2,Home
224,2021/2022,Leverkusen,Bochum,1-0,0-0,1-0,"22,538",14:30,1,0,0,0,1,0,1,0,1,Home
225,2021/2022,Bielefeld,Wolfsburg,1-0,1-2,2-2,"19,801",14:30,1,0,1,2,2,2,1,3,4,Draw
226,2021/2022,M'gladbach,Fürth,3-0,1-0,4-0,"38,621",14:30,3,0,1,0,4,0,3,1,4,Home
227,2021/2022,Dortmund,Stuttgart,0-0,2-1,2-1,"57,900",14:30,0,0,2,1,2,1,0,3,3,Home
228,2021/2022,Augsburg,Bayern,2-1,0-0,2-1,"26,000",19:30,2,1,0,0,2,1,3,0,3,Home
229,2021/2022,Fürth,Frankfurt,0-0,1-2,1-2,"10,244",18:30,0,0,1,2,1,2,0,3,3,Away
230,2021/2022,Köln,Union Berlin,1-2,1-0,2-2,"49,000",16:30,1,2,1,0,2,2,3,1,4,Draw
231,2021/2022,Hertha,Leverkusen,1-0,0-1,1-1,"22,187",14:30,1,0,0,1,1,1,1,1,2,Draw
232,2021/2022,RB Leipzig,Dortmund,1-0,1-1,2-1,"43,429",17:30,1,0,1,1,2,1,1,2,3,Home
233,2021/2022,Bayern,Freiburg,1-0,1-1,2-1,"75,000",14:30,1,0,1,1,2,1,1,2,3,Home
234,2021/2022,Stuttgart,Bielefeld,0-1,0-0,0-1,"33,550",14:30,0,1,0,0,0,1,1,0,1,Away
235,2021/2022,Bochum,Hoffenheim,0-0,2-0,2-0,"19,600",14:30,0,0,2,0,2,0,0,2,2,Home
236,2021/2022,Wolfsburg,Augsburg,1-0,0-0,1-0,"16,095",14:30,1,0,0,0,1,0,1,0,1,Home
237,2021/2022,Mainz,M'gladbach,0-1,1-0,1-1,"25,000",19:30,0,1,1,0,1,1,1,1,2,Draw
238,2021/2022,M'gladbach,Bochum,2-0,0-1,2-1,"42,361",16:30,2,0,0,1,2,1,2,1,3,Home
239,2021/2022,Augsburg,Stuttgart,1-1,3-0,4-1,"17,500",14:30,1,1,3,0,4,1,2,3,5,Home
240,2021/2022,Frankfurt,RB Leipzig,0-1,1-0,1-1,"31,000",16:30,0,1,1,0,1,1,1,1,2,Draw
241,2021/2022,Union Berlin,Bayern,1-3,1-2,2-5,"16,509",13:30,1,3,1,2,2,5,4,3,7,Away
242,Freiburg - Fürth,Freiburg,Fürth,2-0,1-1,3-1,"31,500",13:30,2,0,1,1,3,1,2,2,4,Home
243,2021/2022,Leverkusen,Wolfsburg,0-0,0-2,0-2,"20,132",13:30,0,0,0,2,0,2,0,2,2,Away
244,2021/2022,Bielefeld,Mainz,1-1,0-1,1-2,"19,477",13:30,1,1,0,1,1,2,2,1,3,Away
245,2021/2022,Dortmund,Köln,1-0,1-0,2-0,"66,709",13:30,1,0,1,0,2,0,1,1,2,Home
246,2021/2022,Hoffenheim,Hertha,2-0,0-0,2-0,"8,127",18:30,2,0,0,0,2,0,2,0,2,Home
247,2021/2022,Bochum,Frankfurt,1-0,1-0,2-0,"19,510",17:30,1,0,1,0,2,0,1,1,2,Home
248,2021/2022,Stuttgart,Union Berlin,0-1,1-0,1-1,"32,595",15:30,0,1,1,0,1,1,1,1,2,Draw
249,2021/2022,Köln,Leverkusen,0-2,2-0,2-2,"49,600",13:30,0,2,2,0,2,2,2,2,4,Draw
250,2021/2022,Hertha,M'gladbach,1-0,0-0,1-0,"25,000",16:30,1,0,0,0,1,0,1,0,1,Home
251,2021/2022,Bielefeld,Dortmund,0-2,1-1,1-3,"25,000",13:30,0,2,1,1,1,3,2,2,4,Away
252,2021/2022,Bayern,Hoffenheim,2-0,2-0,4-0,"60,000",13:30,2,0,2,0,4,0,2,2,4,Home
253,2021/2022,RB Leipzig,Fürth,0-1,4-0,4-1,"24,758",13:30,0,1,4,0,4,1,1,4,5,Home
254,2021/2022,Wolfsburg,Freiburg,0-1,0-1,0-2,"10,251",13:30,0,1,0,1,0,2,1,1,2,Away
255,2021/2022,Mainz,Augsburg,3-0,1-1,4-1,"19,400",18:30,3,0,1,1,4,1,3,2,5,Home
256,2021/2022,Augsburg,Bielefeld,1-0,0-1,1-1,"17,500",15:30,1,0,0,1,1,1,1,1,2,Draw
257,2021/2022,Leverkusen,Bayern,0-5,1-0,1-5,"29,542",13:30,0,5,1,0,1,5,5,1,6,Away
258,2021/2022,M'gladbach,Stuttgart,1-1,0-0,1-1,"41,608",16:30,1,1,0,0,1,1,2,0,2,Draw
259,2021/2022,Union Berlin,Wolfsburg,0-0,2-0,2-0,"11,000",13:30,0,0,2,0,2,0,0,2,2,Home
260,2021/2022,Fürth,Bochum,0-0,0-1,0-1,"10,586",13:30,0,0,0,1,0,1,0,1,1,Away
261,2021/2022,Frankfurt,Hertha,0-1,1-1,1-2,"32,000",13:30,0,1,1,1,1,2,1,2,3,Away
262,Freiburg - RB Leipzig,Freiburg,RB Leipzig,0-1,1-0,1-1,"20,000",13:30,0,1,1,0,1,1,1,1,2,Draw
263,2021/2022,Dortmund,Mainz,1-0,2-1,3-1,"63,812",13:30,1,0,2,1,3,1,1,3,4,Home
264,2021/2022,Hoffenheim,Köln,1-0,4-0,5-0,"14,309",18:30,1,0,4,0,5,0,1,4,5,Home
265,2021/2022,Bielefeld,Leverkusen,0-2,0-2,0-4,"16,250",17:30,0,2,0,2,0,4,2,2,4,Away
266,2021/2022,Bayern,Frankfurt,1-1,0-1,1-2,"25,000",15:30,1,1,0,1,1,2,2,1,3,Away
267,2021/2022,RB Leipzig,Bochum,0-0,3-0,3-0,"25,598",16:30,0,0,3,0,3,0,0,3,3,Home
268,2021/2022,Dortmund,Augsburg,1-1,1-0,2-1,"41,000",13:30,1,1,1,0,2,1,2,1,3,Home
269,2021/2022,Wolfsburg,M'gladbach,1-2,0-1,1-3,"12,845",13:30,1,2,0,1,1,3,3,1,4,Away
270,2021/2022,Mainz,Union Berlin,1-0,0-2,1-2,"16,000",13:30,1,0,0,2,1,2,1,2,3,Away
271,2021/2022,Hertha,Freiburg,0-1,1-1,1-2,"18,376",13:30,0,1,1,1,1,2,1,2,3,Away
272,2021/2022,Stuttgart,Hoffenheim,1-0,2-1,3-1,"24,211",13:30,1,0,2,1,3,1,1,3,4,Home
273,2021/2022,Köln,Fürth,0-1,3-0,3-1,"40,000",18:30,0,1,3,0,3,1,1,3,4,Home
274,2021/2022,Freiburg,Augsburg,3-0,0-0,3-0,"14,400",15:30,3,0,0,0,3,0,3,0,3,Home
275,2021/2022,Bochum,Stuttgart,0-0,0-0,0-0,"15,300",13:30,0,0,0,0,0,0,0,0,0,Draw
276,2021/2022,M'gladbach,Dortmund,1-0,0-0,1-0,"25,000",16:30,1,0,0,0,1,0,1,0,1,Home
277,2021/2022,RB Leipzig,Hertha,3-0,3-0,6-0,"23,500",13:30,3,0,3,0,6,0,3,3,6,Home
278,2021/2022,Union Berlin,Bielefeld,0-0,1-0,1-0,"11,000",13:30,0,0,1,0,1,0,0,1,1,Home
279,2021/2022,Hoffenheim,Wolfsburg,1-1,2-0,3-1,"8,523",13:30,1,1,2,0,3,1,2,2,4,Home
280,2021/2022,Frankfurt,Köln,1-1,0-0,1-1,"24,000",13:30,1,1,0,0,1,1,2,0,2,Draw
281,2021/2022,Leverkusen,Mainz,0-0,1-0,1-0,"16,624",13:30,0,0,1,0,1,0,0,1,1,Home
282,2021/2022,Fürth,Bayern,0-2,1-1,1-3,"11,740",18:30,0,2,1,1,1,3,2,2,4,Away
283,2021/2022,Dortmund,Union Berlin,2-0,2-2,4-2,"25,000",15:30,2,0,2,2,4,2,2,4,6,Home
284,2021/2022,Wolfsburg,Frankfurt,0-1,1-0,1-1,"9,266",17:30,0,1,1,0,1,1,1,1,2,Draw
285,2021/2022,Stuttgart,Leverkusen,1-2,0-1,1-3,"23,450",13:30,1,2,0,1,1,3,3,1,4,Away
286,2021/2022,Köln,RB Leipzig,0-0,1-1,1-1,"25,000",16:30,0,0,1,1,1,1,0,2,2,Draw
287,2021/2022,Augsburg,M'gladbach,0-0,1-0,1-0,"12,500",13:30,0,0,1,0,1,0,0,1,1,Home
288,2021/2022,Mainz,Freiburg,0-0,0-0,0-0,"13,500",13:30,0,0,0,0,0,0,0,0,0,Draw
289,2021/2022,Bielefeld,Hoffenheim,0-0,0-0,0-0,"13,750",13:30,0,0,0,0,0,0,0,0,0,Draw
290,2021/2022,Bayern,Bochum,4-0,3-0,7-0,"25,000",13:30,4,0,3,0,7,0,4,3,7,Home
291,2021/2022,Hertha,Fürth,0-0,2-1,2-1,"21,372",18:30,0,0,2,1,2,1,0,3,3,Home
292,2021/2022,M'gladbach,Bielefeld,1-1,2-0,3-1,"24,500",17:30,1,1,2,0,3,1,2,2,4,Home
293,2021/2022,Bochum,Hertha,0-2,1-1,1-3,"14,000",15:30,0,2,1,1,1,3,2,2,4,Away
294,2021/2022,Frankfurt,Stuttgart,0-0,1-1,1-1,"25,000",13:30,0,0,1,1,1,1,0,2,2,Draw
295,2021/2022,RB Leipzig,Bayern,0-1,1-3,1-4,"34,000",16:30,0,1,1,3,1,4,1,4,5,Away
296,2021/2022,Union Berlin,Augsburg,0-0,0-0,0-0,"10,207",13:30,0,0,0,0,0,0,0,0,0,Draw
297,2021/2022,Fürth,Wolfsburg,0-1,0-1,0-2,"9,000",13:30,0,1,0,1,0,2,1,1,2,Away
298,2021/2022,Hoffenheim,Mainz,0-1,0-1,0-2,"8,427",13:30,0,1,0,1,0,2,1,1,2,Away
299,2021/2022,Freiburg,Köln,0-1,1-0,1-1,"10,000",13:30,0,1,1,0,1,1,1,1,2,Draw
300,2021/2022,Leverkusen,Dortmund,2-1,1-3,3-4,"17,605",13:30,2,1,1,3,3,4,3,4,7,Away
301,2021/2022,Wolfsburg,RB Leipzig,0-0,1-0,1-0,"12,058",15:30,0,0,1,0,1,0,0,1,1,Home
302,2021/2022,Union Berlin,M'gladbach,2-0,0-1,2-1,"11,006",13:30,2,0,0,1,2,1,2,1,3,Home
303,2021/2022,Bayern,Hertha,2-0,3-0,5-0,"25,000",16:30,2,0,3,0,5,0,2,3,5,Home
304,2021/2022,Augsburg,Leverkusen,1-2,0-2,1-4,"10,582",13:30,1,2,0,2,1,4,3,2,5,Away
305,2021/2022,Mainz,Fürth,2-0,1-0,3-0,"11,500",13:30,2,0,1,0,3,0,2,1,3,Home
306,2021/2022,Bielefeld,Frankfurt,0-1,1-0,1-1,"13,750",13:30,0,1,1,0,1,1,1,1,2,Draw
307,2021/2022,Stuttgart,Freiburg,2-3,0-0,2-3,"25,000",13:30,2,3,0,0,2,3,5,0,5,Away
308,2021/2022,Köln,Bochum,0-0,2-1,2-1,"25,000",13:30,0,0,2,1,2,1,0,3,3,Home
309,2021/2022,Dortmund,Hoffenheim,0-0,3-2,3-2,"25,000",18:30,0,0,3,2,3,2,0,5,5,Home
310,2021/2022,Bayern,Köln,0-0,3-2,3-2,"20,000",15:30,0,0,3,2,3,2,0,5,5,Home
311,2021/2022,Hoffenheim,Union Berlin,2-1,0-1,2-2,"8,014",13:30,2,1,0,1,2,2,3,1,4,Draw
312,2021/2022,Leverkusen,M'gladbach,2-0,2-0,4-0,"15,105",16:30,2,0,2,0,4,0,2,2,4,Home
313,2021/2022,Freiburg,Dortmund,1-0,1-1,2-1,"10,100",13:30,1,0,1,1,2,1,1,2,3,Home
314,2021/2022,Bochum,Mainz,1-0,1-0,2-0,"12,548",13:30,1,0,1,0,2,0,1,1,2,Home
315,2021/2022,Frankfurt,Augsburg,0-0,0-0,0-0,"22,000",13:30,0,0,0,0,0,0,0,0,0,Draw
316,2021/2022,Fürth,Bielefeld,0-1,1-0,1-1,"5,890",13:30,0,1,1,0,1,1,1,1,2,Draw
317,2021/2022,Hertha,Wolfsburg,0-0,1-2,1-2,"18,241",13:30,0,0,1,2,1,2,0,3,3,Away
318,2021/2022,RB Leipzig,Stuttgart,1-0,3-0,4-0,"23,100",18:30,1,0,3,0,4,0,1,3,4,Home
319,2021/2022,Köln,Hertha,1-1,2-0,3-1,"16,500",15:30,1,1,2,0,3,1,2,2,4,Home
320,2021/2022,Mainz,RB Leipzig,1-0,0-0,1-0,"10,500",13:30,1,0,0,0,1,0,1,0,1,Home
321,2021/2022,Dortmund,Frankfurt,3-1,2-1,5-2,"25,000",16:30,3,1,2,1,5,2,4,3,7,Home
322,2021/2022,Bielefeld,Freiburg,0-0,0-0,0-0,"13,750",13:30,0,0,0,0,0,0,0,0,0,Draw
323,2021/2022,Stuttgart,Fürth,2-0,3-1,5-1,"18,109",13:30,2,0,3,1,5,1,2,4,6,Home
324,2021/2022,Union Berlin,Leverkusen,1-1,0-0,1-1,"11,000",13:30,1,1,0,0,1,1,2,0,2,Draw
325,2021/2022,Augsburg,Hoffenheim,0-1,0-3,0-4,"9,124",13:30,0,1,0,3,0,4,1,3,4,Away
326,2021/2022,Wolfsburg,Bochum,1-0,0-0,1-0,"8,536",13:30,1,0,0,0,1,0,1,0,1,Home
327,2021/2022,M'gladbach,Bayern,1-1,0-0,1-1,"22,925",18:30,1,1,0,0,1,1,2,0,2,Draw
328,2022/2023,Bochum,Leverkusen,2-0,1-0,3-0,"26,000",13:30,2,0,1,0,3,0,2,1,3,Home
329,2022/2023,M'gladbach,Augsburg,2-0,0-0,2-0,"52,186",13:30,2,0,0,0,2,0,2,0,2,Home
330,2022/2023,Stuttgart,Hoffenheim,0-0,1-1,1-1,"47,500",13:30,0,0,1,1,1,1,0,2,2,Draw
331,2022/2023,Augsburg,Dortmund,0-0,0-3,0-3,"30,660",15:30,0,0,0,3,0,3,0,3,3,Away
332,2022/2023,Leverkusen,M'gladbach,2-0,0-2,2-2,"30,210",17:30,2,0,0,2,2,2,2,2,4,Draw
333,2022/2023,Mainz,Stuttgart,1-1,0-3,1-4,"33,305",13:30,1,1,0,3,1,4,2,3,5,Away
334,2022/2023,Bayern,RB Leipzig,1-0,0-3,1-3,"75,000",16:30,1,0,0,3,1,3,1,3,4,Away
335,2022/2023,Hoffenheim,Union Berlin,2-1,2-1,4-2,"30,000",13:30,2,1,2,1,4,2,3,3,6,Home
336,2022/2023,Hertha,Bochum,0-0,1-1,1-1,"70,692",13:30,0,0,1,1,1,1,0,2,2,Draw
337,2022/2023,W. Bremen,Köln,0-1,1-0,1-1,"41,846",13:30,0,1,1,0,1,1,1,1,2,Draw
338,2022/2023,RB Leipzig,W. Bremen,0-0,2-1,2-1,"47,069",15:30,0,0,2,1,2,1,0,3,3,Home
339,2022/2023,Stuttgart,Leverkusen,0-0,1-1,1-1,"47,500",13:30,0,0,1,1,1,1,0,2,2,Draw
340,2022/2023,Schalke,Frankfurt,1-1,1-1,2-2,"61,575",13:30,1,1,1,1,2,2,2,2,4,Draw
341,Freiburg - Wolfsburg,Freiburg,Wolfsburg,0-0,2-0,2-0,"33,300",18:30,0,0,2,0,2,0,0,2,2,Home
342,2022/2023,Dortmund,M'gladbach,4-0,1-2,5-2,"81,365",16:30,4,0,1,2,5,2,4,3,7,Home
343,2022/2023,Wolfsburg,Hoffenheim,1-0,1-1,2-1,"22,617",13:30,1,0,1,1,2,1,1,2,3,Home
344,2022/2023,Bochum,Augsburg,1-1,2-1,3-2,"24,453",13:30,1,1,2,1,3,2,2,3,5,Home
345,2022/2023,Bayern,Schalke,2-0,4-0,6-0,"75,000",13:30,2,0,4,0,6,0,2,4,6,Home
346,2022/2023,Frankfurt,Mainz,2-0,1-0,3-0,"50,000",13:30,2,0,1,0,3,0,2,1,3,Home
347,2022/2023,Union Berlin,Freiburg,3-0,1-2,4-2,"22,012",13:30,3,0,1,2,4,2,3,3,6,Home
348,2022/2023,Köln,Hertha,3-2,2-0,5-2,"50,000",18:30,3,2,2,0,5,2,5,2,7,Home
349,2022/2023,Dortmund,Wolfsburg,3-0,3-0,6-0,"81,365",15:30,3,0,3,0,6,0,3,3,6,Home
350,2022/2023,W. Bremen,Bayern,0-0,1-2,1-2,"42,100",16:30,0,0,1,2,1,2,0,3,3,Away
351,2022/2023,Augsburg,Union Berlin,0-0,1-0,1-0,"30,660",13:30,0,0,1,0,1,0,0,1,1,Home
352,2022/2023,Hoffenheim,Frankfurt,3-0,0-1,3-1,"30,000",13:30,3,0,0,1,3,1,3,1,4,Home
353,Freiburg - RB Leipzig,Freiburg,RB Leipzig,0-0,0-1,0-1,"32,900",13:30,0,0,0,1,0,1,0,1,1,Away
354,2022/2023,M'gladbach,Bochum,1-0,1-0,2-0,"53,797",13:30,1,0,1,0,2,0,1,1,2,Home
355,2022/2023,Mainz,Schalke,0-1,2-2,2-3,"33,305",18:30,0,1,2,2,2,3,1,4,5,Away
356,2022/2023,Leverkusen,Köln,1-2,0-0,1-2,"30,210",18:30,1,2,0,0,1,2,3,0,3,Away
357,2022/2023,Hertha,Stuttgart,2-1,0-0,2-1,"63,443",13:30,2,1,0,0,2,1,3,0,3,Home
358,2022/2023,Wolfsburg,Mainz,3-0,0-0,3-0,"23,817",15:30,3,0,0,0,3,0,3,0,3,Home
359,2022/2023,Bayern,Hertha,0-0,2-0,2-0,"75,000",13:30,0,0,2,0,2,0,0,2,2,Home
360,2022/2023,Schalke,W. Bremen,0-1,2-0,2-1,"61,981",16:30,0,1,2,0,2,1,1,2,3,Home
361,2022/2023,RB Leipzig,Hoffenheim,1-0,0-0,1-0,"45,294",13:30,1,0,0,0,1,0,1,0,1,Home
362,2022/2023,Frankfurt,Augsburg,1-0,0-1,1-1,"50,000",13:30,1,0,0,1,1,1,1,1,2,Draw
363,2022/2023,Union Berlin,Leverkusen,0-0,0-0,0-0,"22,012",13:30,0,0,0,0,0,0,0,0,0,Draw
364,2022/2023,Stuttgart,M'gladbach,1-0,1-1,2-1,"47,700",13:30,1,0,1,1,2,1,1,2,3,Home
365,2022/2023,Köln,Freiburg,0-0,0-1,0-1,"50,000",13:30,0,0,0,1,0,1,0,1,1,Away
366,2022/2023,Bochum,Dortmund,1-1,0-0,1-1,"26,000",18:30,1,1,0,0,1,1,2,0,2,Draw
367,2022/2023,M'gladbach,Union Berlin,0-0,0-1,0-1,"52,107",17:30,0,0,0,1,0,1,0,1,1,Away
368,2022/2023,Leverkusen,RB Leipzig,1-0,1-0,2-0,"29,085",15:30,1,0,1,0,2,0,1,1,2,Home
369,Freiburg - Schalke,Freiburg,Schalke,2-0,2-0,4-0,"34,700",13:30,2,0,2,0,4,0,2,2,4,Home
370,2022/2023,Dortmund,Frankfurt,3-0,1-0,4-0,"81,365",16:30,3,0,1,0,4,0,3,1,4,Home
371,2022/2023,Hoffenheim,Köln,0-2,1-1,1-3,"30,150",13:30,0,2,1,1,1,3,2,2,4,Away
372,2022/2023,Mainz,Bayern,0-1,3-0,3-1,"33,305",13:30,0,1,3,0,3,1,1,3,4,Home
373,2022/2023,Bochum,Wolfsburg,0-3,1-2,1-5,"24,834",13:30,0,3,1,2,1,5,3,3,6,Away
374,2022/2023,Hertha,W. Bremen,0-2,2-2,2-4,"74,667",13:30,0,2,2,2,2,4,2,4,6,Away
375,2022/2023,Augsburg,Stuttgart,1-0,0-1,1-1,"30,660",18:30,1,0,0,1,1,1,1,1,2,Draw
376,2022/2023,Wolfsburg,Leverkusen,0-0,0-0,0-0,"20,137",17:30,0,0,0,0,0,0,0,0,0,Draw
377,2022/2023,Union Berlin,Bochum,1-0,0-1,1-1,"20,000",15:30,1,0,0,1,1,1,1,1,2,Draw
378,2022/2023,W. Bremen,Freiburg,0-0,1-2,1-2,"42,100",13:30,0,0,1,2,1,2,0,3,3,Away
379,2022/2023,Frankfurt,M'gladbach,0-1,1-0,1-1,"50,000",16:30,0,1,1,0,1,1,1,1,2,Draw
380,2022/2023,RB Leipzig,Augsburg,3-1,0-1,3-2,"46,058",13:30,3,1,0,1,3,2,4,1,5,Home
381,2022/2023,Bayern,Hoffenheim,1-0,0-1,1-1,"75,000",13:30,1,0,0,1,1,1,1,1,2,Draw
382,2022/2023,Stuttgart,Dortmund,0-2,3-1,3-3,"47,300",13:30,0,2,3,1,3,3,2,4,6,Draw
383,2022/2023,Köln,Mainz,0-1,1-0,1-1,"50,000",13:30,0,1,1,0,1,1,1,1,2,Draw
384,2022/2023,Schalke,Hertha,2-1,3-1,5-2,"61,981",18:30,2,1,3,1,5,2,3,4,7,Home
385,2022/2023,Hoffenheim,Schalke,1-0,1-0,2-0,"30,150",17:30,1,0,1,0,2,0,1,1,2,Home
386,2022/2023,Bochum,Stuttgart,0-1,2-2,2-3,"26,000",15:30,0,1,2,2,2,3,1,4,5,Away
387,2022/2023,Hertha,RB Leipzig,0-1,0-0,0-1,"50,679",16:30,0,1,0,0,0,1,1,0,1,Away
388,2022/2023,Dortmund,Union Berlin,1-0,1-1,2-1,"81,365",13:30,1,0,1,1,2,1,1,2,3,Home
389,2022/2023,M'gladbach,Wolfsburg,1-0,1-0,2-0,"51,127",13:30,1,0,1,0,2,0,1,1,2,Home
390,2022/2023,Augsburg,Köln,1-2,0-1,1-3,"30,660",13:30,1,2,0,1,1,3,3,1,4,Away
391,2022/2023,Mainz,W. Bremen,0-0,2-2,2-2,"33,305",13:30,0,0,2,2,2,2,0,4,4,Draw
392,Freiburg - Bayern,Freiburg,Bayern,0-0,0-1,0-1,"34,700",13:30,0,0,0,1,0,1,0,1,1,Away
393,2022/2023,Leverkusen,Frankfurt,2-0,1-1,3-1,"30,210",13:30,2,0,1,1,3,1,2,2,4,Home
394,2022/2023,W. Bremen,Hoffenheim,0-0,1-2,1-2,"42,000",15:30,0,0,1,2,1,2,0,3,3,Away
395,2022/2023,Köln,M'gladbach,0-0,0-0,0-0,"50,000",13:30,0,0,0,0,0,0,0,0,0,Draw
396,2022/2023,Bayern,Dortmund,3-0,1-2,4-2,"75,000",16:30,3,0,1,2,4,2,3,3,6,Home
397,2022/2023,RB Leipzig,Mainz,0-1,0-2,0-3,"45,597",13:30,0,1,0,2,0,3,1,2,3,Away
398,2022/2023,Union Berlin,Stuttgart,0-0,3-0,3-0,"22,012",13:30,0,0,3,0,3,0,0,3,3,Home
399,2022/2023,Wolfsburg,Augsburg,0-2,2-0,2-2,"22,107",13:30,0,2,2,0,2,2,2,2,4,Draw
400,Freiburg - Hertha,Freiburg,Hertha,0-0,1-1,1-1,"34,700",13:30,0,0,1,1,1,1,0,2,2,Draw
401,2022/2023,Schalke,Leverkusen,0-0,0-3,0-3,"62,271",13:30,0,0,0,3,0,3,0,3,3,Away
402,2022/2023,Frankfurt,Bochum,1-1,0-0,1-1,"51,500",18:30,1,1,0,0,1,1,2,0,2,Draw
403,2022/2023,Leverkusen,Bayern,0-1,2-0,2-1,"30,210",16:30,0,1,2,0,2,1,1,2,3,Home
404,2022/2023,Union Berlin,Frankfurt,0-0,2-0,2-0,"22,012",14:30,0,0,2,0,2,0,0,2,2,Home
405,2022/2023,Dortmund,Köln,4-1,2-0,6-1,"81,365",17:30,4,1,2,0,6,1,5,2,7,Home
406,2022/2023,Mainz,Freiburg,0-0,1-1,1-1,"26,800",18:30,0,0,1,1,1,1,0,2,2,Draw
407,2022/2023,Augsburg,Schalke,0-0,1-1,1-1,"30,660",14:30,0,0,1,1,1,1,0,2,2,Draw
408,2022/2023,Hoffenheim,Hertha,2-0,1-1,3-1,"25,027",14:30,2,0,1,1,3,1,2,2,4,Home
409,2022/2023,Bochum,RB Leipzig,0-0,1-0,1-0,"24,400",14:30,0,0,1,0,1,0,0,1,1,Home
410,2022/2023,Stuttgart,Wolfsburg,0-0,0-1,0-1,"44,900",14:30,0,0,0,1,0,1,0,1,1,Away
411,2022/2023,M'gladbach,W. Bremen,0-0,2-2,2-2,"54,042",19:30,0,0,2,2,2,2,0,4,4,Draw
412,2022/2023,Wolfsburg,Union Berlin,0-0,1-1,1-1,"23,554",18:30,0,0,1,1,1,1,0,2,2,Draw
413,2022/2023,W. Bremen,Leverkusen,1-1,1-2,2-3,"41,000",16:30,1,1,1,2,2,3,2,3,5,Away
414,Freiburg - Hoffenheim,Freiburg,Hoffenheim,1-0,1-1,2-1,"33,500",14:30,1,0,1,1,2,1,1,2,3,Home
415,2022/2023,Schalke,Dortmund,0-1,2-1,2-2,"61,571",17:30,0,1,2,1,2,2,1,3,4,Draw
416,2022/2023,Hertha,Mainz,1-0,0-1,1-1,"41,689",14:30,1,0,0,1,1,1,1,1,2,Draw
417,2022/2023,Frankfurt,Stuttgart,0-0,1-1,1-1,"50,000",14:30,0,0,1,1,1,1,0,2,2,Draw
418,2022/2023,RB Leipzig,M'gladbach,0-0,3-0,3-0,"46,687",14:30,0,0,3,0,3,0,0,3,3,Home
419,2022/2023,Köln,Bochum,0-1,0-1,0-2,"50,000",19:30,0,1,0,1,0,2,1,1,2,Away
420,2022/2023,Bayern,Augsburg,4-1,1-2,5-3,"75,000",14:30,4,1,1,2,5,3,5,3,8,Home
421,2022/2023,Wolfsburg,Frankfurt,2-2,0-0,2-2,"27,853",16:30,2,2,0,0,2,2,4,0,4,Draw
422,2022/2023,Leverkusen,Hertha,2-0,2-1,4-1,"30,210",14:30,2,0,2,1,4,1,2,3,5,Home
423,2022/2023,Stuttgart,Bayern,0-1,1-1,1-2,"47,800",17:30,0,1,1,1,1,2,1,2,3,Away
424,2022/2023,Bochum,Schalke,0-1,0-1,0-2,"26,000",14:30,0,1,0,1,0,2,1,1,2,Away
425,2022/2023,M'gladbach,Freiburg,0-0,0-0,0-0,"52,000",14:30,0,0,0,0,0,0,0,0,0,Draw
426,2022/2023,Union Berlin,Köln,0-0,0-0,0-0,"22,012",14:30,0,0,0,0,0,0,0,0,0,Draw
427,2022/2023,Augsburg,W. Bremen,1-1,1-0,2-1,"30,660",14:30,1,1,1,0,2,1,2,1,3,Home
428,2022/2023,Mainz,Hoffenheim,1-0,0-0,1-0,"28,100",14:30,1,0,0,0,1,0,1,0,1,Home
429,2022/2023,Dortmund,RB Leipzig,2-0,0-1,2-1,"81,365",19:30,2,0,0,1,2,1,2,1,3,Home
430,2022/2023,Bayern,Union Berlin,3-0,0-0,3-0,"75,000",16:30,3,0,0,0,3,0,3,0,3,Home
431,Freiburg - Leverkusen,Freiburg,Leverkusen,1-0,0-1,1-1,"34,000",14:30,1,0,0,1,1,1,1,1,2,Draw
432,2022/2023,Schalke,Stuttgart,2-0,0-1,2-1,"62,271",17:30,2,0,0,1,2,1,2,1,3,Home
433,2022/2023,Hertha,Augsburg,0-0,2-0,2-0,"40,522",14:30,0,0,2,0,2,0,0,2,2,Home
434,2022/2023,RB Leipzig,Frankfurt,2-0,0-1,2-1,"47,069",14:30,2,0,0,1,2,1,2,1,3,Home
435,2022/2023,Hoffenheim,Dortmund,0-1,0-0,0-1,"30,150",14:30,0,1,0,0,0,1,1,0,1,Away
436,2022/2023,Köln,Wolfsburg,0-1,0-1,0-2,"49,300",14:30,0,1,0,1,0,2,1,1,2,Away
437,2022/2023,Mainz,M'gladbach,1-0,3-0,4-0,"32,500",19:30,1,0,3,0,4,0,1,3,4,Home
438,2022/2023,Leverkusen,Mainz,1-2,1-1,2-3,"27,002",18:30,1,2,1,1,2,3,3,2,5,Away
439,2022/2023,Dortmund,Hertha,2-0,2-1,4-1,"81,365",16:30,2,0,2,1,4,1,2,3,5,Home
440,2022/2023,Frankfurt,W. Bremen,1-0,1-0,2-0,"50,000",17:30,1,0,1,0,2,0,1,1,2,Home
441,2022/2023,Union Berlin,Schalke,0-0,0-0,0-0,"22,012",14:30,0,0,0,0,0,0,0,0,0,Draw
442,2022/2023,Bochum,Freiburg,0-1,0-1,0-2,"25,100",14:30,0,1,0,1,0,2,1,1,2,Away
443,2022/2023,W. Bremen,Bochum,2-0,1-0,3-0,"42,100",14:30,2,0,1,0,3,0,2,1,3,Home
444,2022/2023,M'gladbach,Bayern,1-1,2-1,3-2,"54,042",14:30,1,1,2,1,3,2,2,3,5,Home
445,2022/2023,Stuttgart,Köln,1-0,2-0,3-0,"46,850",14:30,1,0,2,0,3,0,1,2,3,Home
446,2022/2023,Wolfsburg,RB Leipzig,0-1,0-2,0-3,"24,831",14:30,0,1,0,2,0,3,1,2,3,Away
447,2022/2023,Augsburg,Hoffenheim,0-0,1-0,1-0,"25,872",19:30,0,0,1,0,1,0,0,1,1,Home
448,2022/2023,Köln,Frankfurt,0-0,3-0,3-0,"50,000",16:30,0,0,3,0,3,0,0,3,3,Home
449,2022/2023,Hertha,M'gladbach,1-1,3-0,4-1,"40,973",14:30,1,1,3,0,4,1,2,3,5,Home
450,2022/2023,Hoffenheim,Leverkusen,0-1,1-2,1-3,"20,619",14:30,0,1,1,2,1,3,1,3,4,Away
451,2022/2023,RB Leipzig,Union Berlin,1-0,0-2,1-2,"47,069",17:30,1,0,0,2,1,2,1,2,3,Away
452,2022/2023,Mainz,Augsburg,2-1,1-0,3-1,"22,200",14:30,2,1,1,0,3,1,3,1,4,Home
453,2022/2023,Bayern,Bochum,1-0,2-0,3-0,"75,000",14:30,1,0,2,0,3,0,1,2,3,Home
454,Freiburg - Stuttgart,Freiburg,Stuttgart,0-1,2-0,2-1,"34,700",14:30,0,1,2,0,2,1,1,2,3,Home
455,2022/2023,W. Bremen,Dortmund,0-0,0-2,0-2,"42,100",14:30,0,0,0,2,0,2,0,2,2,Away
456,2022/2023,Schalke,Wolfsburg,0-0,0-0,0-0,"60,836",19:30,0,0,0,0,0,0,0,0,0,Draw
457,2022/2023,Wolfsburg,Bayern,1-3,1-1,2-4,"30,000",16:30,1,3,1,1,2,4,4,2,6,Away
458,2022/2023,M'gladbach,Schalke,0-0,0-0,0-0,"54,042",17:30,0,0,0,0,0,0,0,0,0,Draw
459,2022/2023,Stuttgart,W. Bremen,0-0,0-2,0-2,"47,700",14:30,0,0,0,2,0,2,0,2,2,Away
460,2022/2023,Dortmund,Freiburg,1-1,4-0,5-1,"81,365",14:30,1,1,4,0,5,1,2,4,6,Home
461,2022/2023,Frankfurt,Hertha,2-0,1-0,3-0,"49,500",14:30,2,0,1,0,3,0,2,1,3,Home
462,2022/2023,Köln,RB Leipzig,0-0,0-0,0-0,"49,200",14:30,0,0,0,0,0,0,0,0,0,Draw
463,2022/2023,Union Berlin,Mainz,1-0,1-1,2-1,"22,012",14:30,1,0,1,1,2,1,1,2,3,Home
464,2022/2023,Bochum,Hoffenheim,3-0,2-2,5-2,"23,700",14:30,3,0,2,2,5,2,3,4,7,Home
465,2022/2023,Augsburg,Leverkusen,0-0,1-0,1-0,"27,318",19:30,0,0,1,0,1,0,0,1,1,Home
466,2022/2023,Schalke,Köln,0-0,0-0,0-0,"61,571",14:30,0,0,0,0,0,0,0,0,0,Draw
467,2022/2023,Leverkusen,Dortmund,0-1,0-1,0-2,"30,210",16:30,0,1,0,1,0,2,1,1,2,Away
468,2022/2023,Bayern,Frankfurt,1-0,0-1,1-1,"75,000",17:30,1,0,0,1,1,1,1,1,2,Draw
469,2022/2023,W. Bremen,Wolfsburg,1-0,1-1,2-1,"41,000",14:30,1,0,1,1,2,1,1,2,3,Home
470,2022/2023,Hoffenheim,M'gladbach,0-2,1-2,1-4,"24,119",14:30,0,2,1,2,1,4,2,3,5,Away
471,2022/2023,Mainz,Bochum,3-0,2-2,5-2,"23,300",14:30,3,0,2,2,5,2,3,4,7,Home
472,Freiburg - Augsburg,Freiburg,Augsburg,2-1,1-0,3-1,"33,500",14:30,2,1,1,0,3,1,3,1,4,Home
473,2022/2023,Augsburg,M'gladbach,0-0,1-0,1-0,"23,158",19:30,0,0,1,0,1,0,0,1,1,Home
474,Freiburg - Frankfurt,Freiburg,Frankfurt,0-1,1-0,1-1,"34,700",19:30,0,1,1,0,1,1,1,1,2,Draw
475,2022/2023,Hertha,Union Berlin,0-1,0-1,0-2,"74,667",14:30,0,1,0,1,0,2,1,1,2,Away
476,2022/2023,RB Leipzig,Stuttgart,1-0,1-1,2-1,"46,158",19:30,1,0,1,1,2,1,1,2,3,Home
477,2022/2023,Leverkusen,Bochum,1-0,1-0,2-0,"25,820",19:30,1,0,1,0,2,0,1,1,2,Home
478,2022/2023,W. Bremen,Union Berlin,1-1,0-1,1-2,"41,500",19:30,1,1,0,1,1,2,2,1,3,Away
479,2022/2023,Mainz,Dortmund,1-1,0-1,1-2,"31,500",17:30,1,1,0,1,1,2,2,1,3,Away
480,2022/2023,Hoffenheim,Stuttgart,1-1,1-1,2-2,"23,159",19:30,1,1,1,1,2,2,2,2,4,Draw
481,2022/2023,Bayern,Köln,0-1,1-0,1-1,"75,000",19:30,0,1,1,0,1,1,1,1,2,Draw
482,2022/2023,Hertha,Wolfsburg,0-3,0-2,0-5,"29,483",19:30,0,3,0,2,0,5,3,2,5,Away
483,2022/2023,Schalke,RB Leipzig,0-4,1-2,1-6,"56,841",17:30,0,4,1,2,1,6,4,3,7,Away
484,2022/2023,M'gladbach,Leverkusen,0-2,2-1,2-3,"53,336",16:30,0,2,2,1,2,3,2,3,5,Away
485,2022/2023,Dortmund,Augsburg,2-2,2-1,4-3,"81,365",14:30,2,2,2,1,4,3,4,3,7,Home
486,2022/2023,Köln,W. Bremen,5-1,2-0,7-1,"50,000",17:30,5,1,2,0,7,1,6,2,8,Home
487,2022/2023,Union Berlin,Hoffenheim,0-1,3-0,3-1,"21,747",14:30,0,1,3,0,3,1,1,3,4,Home
488,2022/2023,Wolfsburg,Freiburg,3-0,3-0,6-0,"25,849",14:30,3,0,3,0,6,0,3,3,6,Home
489,2022/2023,Bochum,Hertha,2-0,1-1,3-1,"26,000",14:30,2,0,1,1,3,1,2,2,4,Home
490,2022/2023,Frankfurt,Schalke,1-0,2-0,3-0,"50,000",14:30,1,0,2,0,3,0,1,2,3,Home
491,2022/2023,Stuttgart,Mainz,1-1,0-0,1-1,"45,903",14:30,1,1,0,0,1,1,2,0,2,Draw
492,2022/2023,RB Leipzig,Bayern,0-1,1-0,1-1,"47,069",19:30,0,1,1,0,1,1,1,1,2,Draw
493,Freiburg - Union Berlin,Freiburg,Union Berlin,4-0,0-1,4-1,"33,800",16:30,4,0,0,1,4,1,4,1,5,Home
494,2022/2023,Mainz,Frankfurt,1-0,0-1,1-1,"33,305",14:30,1,0,0,1,1,1,1,1,2,Draw
495,2022/2023,Schalke,Bayern,0-1,0-1,0-2,"62,271",17:30,0,1,0,1,0,2,1,1,2,Away
496,2022/2023,Hertha,Köln,1-0,1-0,2-0,"60,827",14:30,1,0,1,0,2,0,1,1,2,Home
497,2022/2023,W. Bremen,RB Leipzig,0-1,1-1,1-2,"41,500",14:30,0,1,1,1,1,2,1,2,3,Away
498,2022/2023,Hoffenheim,Wolfsburg,1-1,0-1,1-2,"18,014",14:30,1,1,0,1,1,2,2,1,3,Away
499,2022/2023,Leverkusen,Stuttgart,1-0,1-0,2-0,"30,210",14:30,1,0,1,0,2,0,1,1,2,Home
500,2022/2023,Augsburg,Bochum,0-0,0-1,0-1,"28,011",14:30,0,0,0,1,0,1,0,1,1,Away
501,2022/2023,M'gladbach,Dortmund,3-2,1-0,4-2,"54,042",19:30,3,2,1,0,4,2,5,1,6,Home
502,2022/2023,Frankfurt,Hoffenheim,3-1,1-1,4-2,"49,000",19:30,3,1,1,1,4,2,4,2,6,Home
503,2022/2023,RB Leipzig,Freiburg,0-0,3-1,3-1,"41,240",19:30,0,0,3,1,3,1,0,4,4,Home
504,2022/2023,Union Berlin,Augsburg,2-2,0-0,2-2,"22,012",19:30,2,2,0,0,2,2,4,0,4,Draw
505,2022/2023,Schalke,Mainz,1-0,0-0,1-0,"58,256",19:30,1,0,0,0,1,0,1,0,1,Home
506,2022/2023,Köln,Leverkusen,1-0,0-2,1-2,"50,000",17:30,1,0,0,2,1,2,1,2,3,Away
507,2022/2023,Stuttgart,Hertha,1-1,1-0,2-1,"44,500",19:30,1,1,1,0,2,1,2,1,3,Home
508,2022/2023,Bochum,M'gladbach,2-0,0-1,2-1,"25,900",19:30,2,0,0,1,2,1,2,1,3,Home
509,2022/2023,Bayern,W. Bremen,4-1,2-0,6-1,"75,000",19:30,4,1,2,0,6,1,5,2,7,Home
510,2022/2023,Wolfsburg,Dortmund,1-0,1-0,2-0,"28,675",17:30,1,0,1,0,2,0,1,1,2,Home
511,Freiburg - Köln,Freiburg,Köln,0-0,2-0,2-0,"33,800",16:30,0,0,2,0,2,0,0,2,2,Home
512,2022/2023,Leverkusen,Union Berlin,0-0,5-0,5-0,"30,210",14:30,0,0,5,0,5,0,0,5,5,Home
513,2022/2023,W. Bremen,Schalke,1-0,1-1,2-1,"41,000",17:30,1,0,1,1,2,1,1,2,3,Home
514,2022/2023,Augsburg,Frankfurt,1-1,0-1,1-2,"30,087",14:30,1,1,0,1,1,2,2,1,3,Away
515,2022/2023,Hertha,Bayern,2-3,0-0,2-3,"74,667",14:30,2,3,0,0,2,3,5,0,5,Away
516,2022/2023,Hoffenheim,RB Leipzig,0-1,1-2,1-3,"23,127",14:30,0,1,1,2,1,3,1,3,4,Away
517,2022/2023,Dortmund,Bochum,3-0,0-0,3-0,"81,365",14:30,3,0,0,0,3,0,3,0,3,Home
518,2022/2023,Mainz,Wolfsburg,0-1,0-2,0-3,"26,750",14:30,0,1,0,2,0,3,1,2,3,Away
519,2022/2023,M'gladbach,Stuttgart,2-1,1-0,3-1,"53,178",19:30,2,1,1,0,3,1,3,1,4,Home
520,2022/2023,Köln,Hoffenheim,1-1,0-0,1-1,"49,000",18:30,1,1,0,0,1,1,2,0,2,Draw
521,2022/2023,Schalke,Freiburg,0-1,0-1,0-2,"61,115",16:30,0,1,0,1,0,2,1,1,2,Away
522,2022/2023,Union Berlin,M'gladbach,0-1,2-0,2-1,"22,012",14:30,0,1,2,0,2,1,1,2,3,Home
523,2022/2023,Frankfurt,Dortmund,1-1,0-1,1-2,"50,000",16:30,1,1,0,1,1,2,2,1,3,Away
524,2022/2023,RB Leipzig,Leverkusen,1-0,1-0,2-0,"45,598",13:30,1,0,1,0,2,0,1,1,2,Home
525,2022/2023,Wolfsburg,Bochum,2-0,2-0,4-0,"24,037",13:30,2,0,2,0,4,0,2,2,4,Home
526,2022/2023,Bayern,Mainz,3-1,3-1,6-2,"75,000",13:30,3,1,3,1,6,2,4,4,8,Home
527,2022/2023,Stuttgart,Augsburg,1-1,1-0,2-1,"46,400",13:30,1,1,1,0,2,1,2,1,3,Home
528,2022/2023,W. Bremen,Hertha,0-0,1-0,1-0,"42,100",18:30,0,0,1,0,1,0,0,1,1,Home
529,2022/2023,Hertha,Schalke,0-0,2-1,2-1,"60,165",15:30,0,0,2,1,2,1,0,3,3,Home
530,2022/2023,Bochum,Union Berlin,1-0,1-1,2-1,"25,460",13:30,1,0,1,1,2,1,1,2,3,Home
531,2022/2023,M'gladbach,Frankfurt,0-3,1-0,1-3,"53,019",16:30,0,3,1,0,1,3,3,1,4,Away
532,Freiburg - W. Bremen,Freiburg,W. Bremen,0-0,2-0,2-0,"34,700",13:30,0,0,2,0,2,0,0,2,2,Home
533,2022/2023,Leverkusen,Wolfsburg,1-1,1-1,2-2,"26,294",13:30,1,1,1,1,2,2,2,2,4,Draw
534,2022/2023,Dortmund,Stuttgart,3-0,2-0,5-0,"81,365",13:30,3,0,2,0,5,0,3,2,5,Home
535,2022/2023,Augsburg,RB Leipzig,1-0,2-3,3-3,"25,109",13:30,1,0,2,3,3,3,1,5,6,Draw
536,2022/2023,Hoffenheim,Bayern,0-2,0-0,0-2,"30,150",13:30,0,2,0,0,0,2,2,0,2,Away
537,2022/2023,Mainz,Köln,3-0,2-0,5-0,"31,610",18:30,3,0,2,0,5,0,3,2,5,Home
538,2022/2023,Bayern,Freiburg,2-0,3-0,5-0,"75,000",17:30,2,0,3,0,5,0,2,3,5,Home
539,2022/2023,Union Berlin,Dortmund,2-0,0-0,2-0,"22,012",15:30,2,0,0,0,2,0,2,0,2,Home
540,2022/2023,Köln,Augsburg,0-1,3-1,3-2,"49,000",13:30,0,1,3,1,3,2,1,4,5,Home
541,2022/2023,RB Leipzig,Hertha,3-0,0-2,3-2,"47,069",16:30,3,0,0,2,3,2,3,2,5,Home
542,2022/2023,W. Bremen,Mainz,0-1,0-1,0-2,"41,000",13:30,0,1,0,1,0,2,1,1,2,Away
543,2022/2023,Stuttgart,Bochum,2-1,2-0,4-1,"45,400",13:30,2,1,2,0,4,1,3,2,5,Home
544,2022/2023,Frankfurt,Leverkusen,1-0,4-1,5-1,"49,700",13:30,1,0,4,1,5,1,1,5,6,Home
545,2022/2023,Wolfsburg,M'gladbach,1-1,1-1,2-2,"26,701",13:30,1,1,1,1,2,2,2,2,4,Draw
546,2022/2023,Schalke,Hoffenheim,0-2,0-1,0-3,"59,811",18:30,0,2,0,1,0,3,2,1,3,Away
547,2022/2023,Stuttgart,Union Berlin,0-0,0-1,0-1,"43,250",17:30,0,0,0,1,0,1,0,1,1,Away
548,2022/2023,Hertha,Freiburg,1-1,1-1,2-2,"40,481",15:30,1,1,1,1,2,2,2,2,4,Draw
549,2022/2023,M'gladbach,Köln,2-1,3-1,5-2,"54,042",13:30,2,1,3,1,5,2,3,4,7,Home
550,2022/2023,Dortmund,Bayern,0-1,2-1,2-2,"81,365",16:30,0,1,2,1,2,2,1,3,4,Draw
551,2022/2023,Augsburg,Wolfsburg,0-1,1-0,1-1,"26,220",13:30,0,1,1,0,1,1,1,1,2,Draw
552,2022/2023,Mainz,RB Leipzig,1-0,0-1,1-1,"26,100",13:30,1,0,0,1,1,1,1,1,2,Draw
553,2022/2023,Leverkusen,Schalke,2-0,2-0,4-0,"30,210",13:30,2,0,2,0,4,0,2,2,4,Home
554,2022/2023,Hoffenheim,W. Bremen,1-1,0-1,1-2,"25,410",18:30,1,1,0,1,1,2,2,1,3,Away
555,2022/2023,Bochum,Frankfurt,0-0,3-0,3-0,"24,850",13:30,0,0,3,0,3,0,0,3,3,Home
556,2022/2023,Schalke,Augsburg,1-2,1-1,2-3,"60,328",15:30,1,2,1,1,2,3,3,2,5,Away
557,2022/2023,Hertha,Hoffenheim,1-1,0-0,1-1,"41,653",13:30,1,1,0,0,1,1,2,0,2,Draw
558,2022/2023,W. Bremen,M'gladbach,4-0,1-1,5-1,"42,100",16:30,4,0,1,1,5,1,4,2,6,Home
559,2022/2023,RB Leipzig,Bochum,2-0,2-0,4-0,"44,403",13:30,2,0,2,0,4,0,2,2,4,Home
560,2022/2023,Wolfsburg,Stuttgart,2-2,1-0,3-2,"24,125",13:30,2,2,1,0,3,2,4,1,5,Home
561,2022/2023,Köln,Dortmund,0-1,3-1,3-2,"50,000",13:30,0,1,3,1,3,2,1,4,5,Home
562,Freiburg - Mainz,Freiburg,Mainz,2-0,0-1,2-1,"34,700",13:30,2,0,0,1,2,1,2,1,3,Home
563,2022/2023,Frankfurt,Union Berlin,2-0,0-0,2-0,"50,500",13:30,2,0,0,0,2,0,2,0,2,Home
564,2022/2023,Bayern,Leverkusen,3-0,1-0,4-0,"75,000",18:30,3,0,1,0,4,0,3,1,4,Home
565,2022/2023,Hoffenheim,Freiburg,0-0,0-0,0-0,"24,233",17:30,0,0,0,0,0,0,0,0,0,Draw
566,2022/2023,Bochum,Köln,1-0,0-1,1-1,"25,800",15:30,1,0,0,1,1,1,1,1,2,Draw
567,2022/2023,Union Berlin,Wolfsburg,0-0,2-0,2-0,"22,012",13:30,0,0,2,0,2,0,0,2,2,Home
568,2022/2023,M'gladbach,RB Leipzig,2-0,1-0,3-0,"50,186",16:30,2,0,1,0,3,0,2,1,3,Home
569,2022/2023,Stuttgart,Frankfurt,0-1,1-2,1-3,"47,500",13:30,0,1,1,2,1,3,1,3,4,Away
570,2022/2023,Augsburg,Bayern,0-0,1-0,1-0,"30,660",13:30,0,0,1,0,1,0,0,1,1,Home
571,2022/2023,Leverkusen,W. Bremen,0-0,1-1,1-1,"30,210",13:30,0,0,1,1,1,1,0,2,2,Draw
572,2022/2023,Dortmund,Schalke,0-0,1-0,1-0,"81,100",13:30,0,0,1,0,1,0,0,1,1,Home
573,2022/2023,Mainz,Hertha,0-1,1-0,1-1,"25,300",18:30,0,1,1,0,1,1,1,1,2,Draw
574,Freiburg - M'gladbach,Freiburg,M'gladbach,0-0,0-0,0-0,"34,700",15:30,0,0,0,0,0,0,0,0,0,Draw
575,2022/2023,Köln,Union Berlin,0-1,0-0,0-1,"49,500",13:30,0,1,0,0,0,1,1,0,1,Away
576,2022/2023,Schalke,Bochum,1-0,2-1,3-1,"62,041",16:30,1,0,2,1,3,1,1,3,4,Home
577,2022/2023,Hertha,Leverkusen,0-0,2-2,2-2,"40,643",13:30,0,0,2,2,2,2,0,4,4,Draw
578,2022/2023,RB Leipzig,Dortmund,2-0,1-0,3-0,"47,069",13:30,2,0,1,0,3,0,2,1,3,Home
579,2022/2023,Hoffenheim,Mainz,0-0,4-1,4-1,"20,114",13:30,0,0,4,1,4,1,0,5,5,Home
580,2022/2023,Frankfurt,Wolfsburg,0-0,0-1,0-1,"49,000",13:30,0,0,0,1,0,1,0,1,1,Away
581,2022/2023,Bayern,Stuttgart,1-0,1-2,2-2,"75,000",13:30,1,0,1,2,2,2,1,3,4,Draw
582,2022/2023,W. Bremen,Augsburg,0-0,0-1,0-1,"41,000",18:30,0,0,0,1,0,1,0,1,1,Away
583,2022/2023,M'gladbach,Mainz,0-0,0-1,0-1,"51,210",15:30,0,0,0,1,0,1,0,1,1,Away
584,2022/2023,Augsburg,Hertha,0-0,0-2,0-2,"25,789",13:30,0,0,0,2,0,2,0,2,2,Away
585,2022/2023,Frankfurt,RB Leipzig,2-0,2-0,4-0,"49,700",16:30,2,0,2,0,4,0,2,2,4,Home
586,2022/2023,Stuttgart,Schalke,1-1,0-0,1-1,"47,500",13:30,1,1,0,0,1,1,2,0,2,Draw
587,2022/2023,Union Berlin,Bayern,1-1,0-0,1-1,"22,012",13:30,1,1,0,0,1,1,2,0,2,Draw
588,2022/2023,Wolfsburg,Köln,1-3,1-1,2-4,"25,654",13:30,1,3,1,1,2,4,4,2,6,Away
589,2022/2023,Leverkusen,Freiburg,1-0,1-3,2-3,"26,853",13:30,1,0,1,3,2,3,1,4,5,Away
590,2022/2023,Bochum,W. Bremen,0-0,0-2,0-2,"25,800",13:30,0,0,0,2,0,2,0,2,2,Away
591,2022/2023,Dortmund,Hoffenheim,1-0,0-0,1-0,"79,300",18:30,1,0,0,0,1,0,1,0,1,Home
592,2022/2023,W. Bremen,Frankfurt,2-3,1-1,3-4,"41,000",15:30,2,3,1,1,3,4,5,2,7,Away
593,2022/2023,Köln,Stuttgart,0-0,0-0,0-0,"50,000",13:30,0,0,0,0,0,0,0,0,0,Draw
594,2022/2023,Bayern,M'gladbach,0-1,1-0,1-1,"75,000",16:30,0,1,1,0,1,1,1,1,2,Draw
595,2022/2023,Schalke,Union Berlin,1-3,0-3,1-6,"62,271",13:30,1,3,0,3,1,6,4,3,7,Away
596,2022/2023,RB Leipzig,Wolfsburg,1-0,1-0,2-0,"41,243",13:30,1,0,1,0,2,0,1,1,2,Home
597,2022/2023,Hoffenheim,Augsburg,1-0,0-0,1-0,"17,206",13:30,1,0,0,0,1,0,1,0,1,Home
598,2022/2023,Mainz,Leverkusen,0-3,0-0,0-3,"28,500",13:30,0,3,0,0,0,3,3,0,3,Away
599,2022/2023,Hertha,Dortmund,0-1,0-0,0-1,"62,142",13:30,0,1,0,0,0,1,1,0,1,Away
600,Freiburg - Bochum,Freiburg,Bochum,0-0,1-0,1-0,"32,800",18:30,0,0,1,0,1,0,0,1,1,Home
601,2022/2023,Union Berlin,RB Leipzig,2-0,0-1,2-1,"21,056",16:30,2,0,0,1,2,1,2,1,3,Home
602,2022/2023,Bochum,Bayern,0-4,0-3,0-7,"26,000",15:30,0,4,0,3,0,7,4,3,7,Away
603,2022/2023,Frankfurt,Köln,0-0,1-1,1-1,"50,800",13:30,0,0,1,1,1,1,0,2,2,Draw
604,2022/2023,Augsburg,Mainz,1-1,0-1,1-2,"23,755",13:30,1,1,0,1,1,2,2,1,3,Away
605,2022/2023,Wolfsburg,Schalke,0-0,0-0,0-0,"26,959",13:30,0,0,0,0,0,0,0,0,0,Draw
606,2022/2023,Leverkusen,Hoffenheim,0-2,0-1,0-3,"26,300",13:30,0,2,0,1,0,3,2,1,3,Away
607,2022/2023,Stuttgart,Freiburg,0-1,0-0,0-1,"47,500",13:30,0,1,0,0,0,1,1,0,1,Away
608,2022/2023,Dortmund,W. Bremen,1-0,1-3,2-3,"81,365",13:30,1,0,1,3,2,3,1,4,5,Away
609,2022/2023,M'gladbach,Hertha,1-0,0-0,1-0,"48,411",18:30,1,0,0,0,1,0,1,0,1,Home
610,2022/2023,Mainz,Union Berlin,0-0,0-0,0-0,"25,009",13:30,0,0,0,0,0,0,0,0,0,Draw
611,2022/2023,Schalke,M'gladbach,1-0,1-2,2-2,"62,271",16:30,1,0,1,2,2,2,1,3,4,Draw
612,2022/2023,Bayern,Wolfsburg,2-0,0-0,2-0,"75,000",15:30,2,0,0,0,2,0,2,0,2,Home
613,2022/2023,Leverkusen,Augsburg,1-1,0-1,1-2,"22,903",13:30,1,1,0,1,1,2,2,1,3,Away
614,2022/2023,RB Leipzig,Köln,1-1,1-1,2-2,"49,579",13:30,1,1,1,1,2,2,2,2,4,Draw
615,2022/2023,Hertha,Frankfurt,1-0,0-1,1-1,"45,000",13:30,1,0,0,1,1,1,1,1,2,Draw
616,2022/2023,Hoffenheim,Bochum,2-2,1-0,3-2,"17,005",13:30,2,2,1,0,3,2,4,1,5,Home
617,2022/2023,W. Bremen,Stuttgart,1-1,1-1,2-2,"41,000",13:30,1,1,1,1,2,2,2,2,4,Draw
618,2022/2023,Köln,Schalke,0-0,3-1,3-1,"50,000",15:30,0,0,3,1,3,1,0,4,4,Home
619,2022/2023,Stuttgart,RB Leipzig,1-1,0-0,1-1,"46,000",13:30,1,1,0,0,1,1,2,0,2,Draw
620,Freiburg - Dortmund,Freiburg,Dortmund,1-0,0-3,1-3,"34,700",18:30,1,0,0,3,1,3,1,3,4,Away
621,2022/2023,Dortmund,Leverkusen,1-0,0-0,1-0,"81,365",16:30,1,0,0,0,1,0,1,0,1,Home
622,2022/2023,Union Berlin,Hertha,1-0,2-1,3-1,"22,012",13:30,1,0,2,1,3,1,1,3,4,Home
623,2022/2023,Augsburg,Freiburg,0-0,0-4,0-4,"25,310",13:30,0,0,0,4,0,4,0,4,4,Away
624,2022/2023,Wolfsburg,W. Bremen,1-2,1-0,2-2,"28,015",13:30,1,2,1,0,2,2,3,1,4,Draw
625,2022/2023,Bochum,Mainz,1-1,0-1,1-2,"24,110",13:30,1,1,0,1,1,2,2,1,3,Away
626,2020/2021,Frankfurt,Union Berlin,4-2,1-0,5-2,Unknown,14:30,4,2,1,0,5,2,6,1,7,Home
627,2020/2021,Bayern,RB Leipzig,2-2,1-1,3-3,Unknown,17:30,2,2,1,1,3,3,4,2,6,Draw
628,2020/2021,Leverkusen,Stuttgart,2-0,3-2,5-2,Unknown,14:30,2,0,3,2,5,2,2,5,7,Home
629,2022/2023,M'gladbach,Hoffenheim,1-1,2-0,3-1,"49,659",13:30,1,1,2,0,3,1,2,2,4,Home
630,2020/2021,Frankfurt,M'gladbach,3-1,0-2,3-3,Unknown,17:30,3,1,0,2,3,3,4,2,6,Draw
631,2020/2021,Wolfsburg,W. Bremen,3-2,2-1,5-3,Unknown,19:30,3,2,2,1,5,3,5,3,8,Home
632,2020/2021,W. Bremen,M'gladbach,0-1,2-3,2-4,100,13:30,0,1,2,3,2,4,1,5,6,Away
633,2020/2021,Dortmund,Bayern,1-1,1-2,2-3,Unknown,17:30,1,1,1,2,2,3,2,3,5,Away
634,2020/2021,Bayern,Dortmund,2-2,2-0,4-2,Unknown,17:30,2,2,2,0,4,2,4,2,6,Home
635,2020/2021,Köln,Hoffenheim,1-2,1-1,2-3,Unknown,13:30,1,2,1,1,2,3,3,2,5,Away
636,2020/2021,Bayern,Mainz,0-2,5-0,5-2,Unknown,17:00,0,2,5,0,5,2,2,5,7,Home
637,2020/2021,Bayern,Augsburg,4-0,1-2,5-2,250,13:30,4,0,1,2,5,2,4,3,7,Home
638,2020/2021,Bayern,Bielefeld,0-2,3-1,3-3,Unknown,19:30,0,2,3,1,3,3,2,4,6,Draw
639,2020/2021,Mainz,M'gladbach,2-1,0-2,2-3,100,13:30,2,1,0,2,2,3,3,2,5,Away
640,2020/2021,Frankfurt,Wolfsburg,2-1,2-2,4-3,Unknown,13:30,2,1,2,2,4,3,3,4,7,Home
641,2020/2021,Leverkusen,M'gladbach,2-2,2-1,4-3,Unknown,17:00,2,2,2,1,4,3,4,3,7,Home
642,2020/2021,Schalke,Frankfurt,1-1,3-2,4-3,Unknown,13:30,1,1,3,2,4,3,2,5,7,Home
643,2020/2021,Hoffenheim,Stuttgart,1-2,2-1,3-3,Unknown,14:30,1,2,2,1,3,3,3,3,6,Draw
644,2020/2021,Bayern,Hertha,1-0,3-3,4-3,Unknown,16:00,1,0,3,3,4,3,1,6,7,Home
645,2020/2021,W. Bremen,M'gladbach,0-1,2-3,2-4,100,13:30,0,1,2,3,2,4,1,5,6,Away
646,2020/2021,Stuttgart,Bielefeld,0-0,0-2,0-2,Unknown,13:30,0,0,0,2,0,2,0,2,2,Away
647,2020/2021,Dortmund,Leverkusen,1-0,2-1,3-1,Unknown,13:30,1,0,2,1,3,1,1,3,4,Home
648,2020/2021,Frankfurt,Freiburg,0-0,3-1,3-1,Unknown,13:30,0,0,3,1,3,1,0,4,4,Home
649,2020/2021,Hoffenheim,Hertha,0-1,2-0,2-1,100,13:30,0,1,2,0,2,1,1,2,3,Home
650,2020/2021,Köln,Schalke,0-0,1-0,1-0,Unknown,13:30,0,0,1,0,1,0,0,1,1,Home
651,2020/2021,Union Berlin,RB Leipzig,0-0,2-1,2-1,"2,000",13:30,0,0,2,1,2,1,0,3,3,Home
652,2020/2021,Wolfsburg,Mainz,0-1,2-2,2-3,Unknown,13:30,0,1,2,2,2,3,1,4,5,Away
653,2020/2021,Bayern,Augsburg,4-0,1-2,5-2,250,13:30,4,0,1,2,5,2,4,3,7,Home
654,2020/2021,RB Leipzig,Wolfsburg,0-2,2-0,2-2,Unknown,18:30,0,2,2,0,2,2,2,2,4,Draw
655,2020/2021,Mainz,Dortmund,0-2,1-1,1-3,Unknown,16:00,0,2,1,1,1,3,2,2,4,Away
656,2020/2021,Augsburg,W. Bremen,0-0,2-0,2-0,Unknown,13:30,0,0,2,0,2,0,0,2,2,Home
657,2020/2021,Freiburg,Bayern,1-1,1-1,2-2,Unknown,13:30,1,1,1,1,2,2,2,2,4,Draw
658,2020/2021,Leverkusen,Union Berlin,1-0,0-1,1-1,Unknown,13:30,1,0,0,1,1,1,1,1,2,Draw
659,2020/2021,Bielefeld,Hoffenheim,1-1,0-0,1-1,Unknown,13:30,1,1,0,0,1,1,2,0,2,Draw
660,2020/2021,M'gladbach,Stuttgart,1-0,0-2,1-2,Unknown,13:30,1,0,0,2,1,2,1,2,3,Away
661,2020/2021,Hertha,Köln,0-0,0-0,0-0,Unknown,13:30,0,0,0,0,0,0,0,0,0,Draw
662,2020/2021,Schalke,Frankfurt,1-1,3-2,4-3,Unknown,13:30,1,1,3,2,4,3,2,5,7,Home
663,2020/2021,Hertha,Bielefeld,0-0,0-0,0-0,Unknown,16:00,0,0,0,0,0,0,0,0,0,Draw
664,2020/2021,Frankfurt,Mainz,0-1,1-0,1-1,Unknown,13:30,0,1,1,0,1,1,1,1,2,Draw
665,2020/2021,Hoffenheim,Schalke,0-2,4-0,4-2,Unknown,13:30,0,2,4,0,4,2,2,4,6,Home
666,2020/2021,Köln,Freiburg,0-2,1-2,1-4,Unknown,11:30,0,2,1,2,1,4,2,3,5,Away
667,2020/2021,Bayern,M'gladbach,4-0,2-0,6-0,Unknown,16:30,4,0,2,0,6,0,4,2,6,Home
668,2020/2021,Wolfsburg,Union Berlin,1-0,2-0,3-0,Unknown,13:30,1,0,2,0,3,0,1,2,3,Home
669,2020/2021,W. Bremen,Leverkusen,0-0,0-0,0-0,Unknown,13:30,0,0,0,0,0,0,0,0,0,Draw
670,2020/2021,Dortmund,RB Leipzig,1-0,2-2,3-2,Unknown,13:30,1,0,2,2,3,2,1,4,5,Home
671,2020/2021,Stuttgart,Augsburg,1-0,1-1,2-1,Unknown,18:30,1,0,1,1,2,1,1,2,3,Home
672,2020/2021,Schalke,Hertha,1-1,0-1,1-2,Unknown,16:00,1,1,0,1,1,2,2,1,3,Away
673,2020/2021,M'gladbach,Bielefeld,3-0,2-0,5-0,Unknown,16:00,3,0,2,0,5,0,3,2,5,Home
674,2020/2021,RB Leipzig,Stuttgart,0-0,2-0,2-0,Unknown,13:30,0,0,2,0,2,0,0,2,2,Home
675,2020/2021,Leverkusen,Frankfurt,0-0,3-1,3-1,Unknown,16:30,0,0,3,1,3,1,0,4,4,Home
676,2020/2021,Union Berlin,W. Bremen,0-0,3-1,3-1,Unknown,13:30,0,0,3,1,3,1,0,4,4,Home
677,2020/2021,Mainz,Bayern,2-0,0-1,2-1,Unknown,13:30,2,0,0,1,2,1,2,1,3,Home
678,2020/2021,Wolfsburg,Dortmund,0-1,0-1,0-2,Unknown,13:30,0,1,0,1,0,2,1,1,2,Away
679,2020/2021,Freiburg,Hoffenheim,0-1,1-0,1-1,Unknown,13:30,0,1,1,0,1,1,1,1,2,Draw
680,2020/2021,Augsburg,Köln,0-3,2-0,2-3,Unknown,18:30,0,3,2,0,2,3,3,2,5,Away
681,2020/2021,Hertha,Freiburg,2-0,1-0,3-0,Unknown,16:30,2,0,1,0,3,0,2,1,3,Home
682,2020/2021,Hoffenheim,M'gladbach,0-2,3-0,3-2,Unknown,18:30,0,2,3,0,3,2,2,3,5,Home
683,2020/2021,W. Bremen,Mainz,0-1,0-0,0-1,Unknown,18:30,0,1,0,0,0,1,1,0,1,Away
684,2020/2021,Stuttgart,Wolfsburg,0-2,1-1,1-3,Unknown,18:30,0,2,1,1,1,3,2,2,4,Away
685,2020/2021,Dortmund,Union Berlin,1-0,1-0,2-0,Unknown,18:30,1,0,1,0,2,0,1,1,2,Home
686,2020/2021,Bielefeld,Schalke,0-0,1-0,1-0,Unknown,18:30,0,0,1,0,1,0,0,1,1,Home
687,2020/2021,Bayern,Leverkusen,2-0,0-0,2-0,Unknown,18:30,2,0,0,0,2,0,2,0,2,Home
688,2020/2021,Frankfurt,Augsburg,1-0,1-0,2-0,Unknown,18:30,1,0,1,0,2,0,1,1,2,Home
689,2020/2021,Köln,RB Leipzig,0-0,2-1,2-1,Unknown,16:30,0,0,2,1,2,1,0,3,3,Home
690,2020/2021,Mainz,Hertha,1-1,0-0,1-1,Unknown,16:00,1,1,0,0,1,1,2,0,2,Draw
691,2020/2021,Dortmund,W. Bremen,3-1,1-0,4-1,Unknown,13:30,3,1,1,0,4,1,4,1,5,Home
692,2020/2021,Leverkusen,Köln,1-0,2-0,3-0,Unknown,16:30,1,0,2,0,3,0,1,2,3,Home
693,2020/2021,Wolfsburg,Bayern,1-3,1-0,2-3,Unknown,13:30,1,3,1,0,2,3,4,1,5,Away
694,2020/2021,Freiburg,Schalke,2-0,2-0,4-0,Unknown,13:30,2,0,2,0,4,0,2,2,4,Home
695,2020/2021,Union Berlin,Stuttgart,2-0,0-1,2-1,Unknown,13:30,2,0,0,1,2,1,2,1,3,Home
696,2020/2021,Augsburg,Bielefeld,0-0,0-0,0-0,Unknown,13:30,0,0,0,0,0,0,0,0,0,Draw
697,2020/2021,M'gladbach,Frankfurt,1-0,3-0,4-0,Unknown,13:30,1,0,3,0,4,0,1,3,4,Home
698,2020/2021,Hoffenheim,Leverkusen,0-0,0-0,0-0,Unknown,18:30,0,0,0,0,0,0,0,0,0,Draw
699,2020/2021,Köln,Mainz,1-1,1-2,2-3,Unknown,16:00,1,1,1,2,2,3,2,3,5,Away
700,2020/2021,RB Leipzig,Hoffenheim,0-0,0-0,0-0,Unknown,18:30,0,0,0,0,0,0,0,0,0,Draw
701,2020/2021,Schalke,Augsburg,1-0,0-0,1-0,Unknown,13:30,1,0,0,0,1,0,1,0,1,Home
702,2020/2021,Stuttgart,Dortmund,1-0,1-3,2-3,Unknown,16:30,1,0,1,3,2,3,1,4,5,Away
703,2020/2021,Bayern,Union Berlin,0-0,1-1,1-1,Unknown,13:30,0,0,1,1,1,1,0,2,2,Draw
704,2020/2021,Hertha,M'gladbach,1-2,1-0,2-2,Unknown,13:30,1,2,1,0,2,2,3,1,4,Draw
705,2020/2021,W. Bremen,RB Leipzig,0-3,1-1,1-4,Unknown,13:30,0,3,1,1,1,4,3,2,5,Away
706,2020/2021,Frankfurt,Wolfsburg,2-1,2-2,4-3,Unknown,13:30,2,1,2,2,4,3,3,4,7,Home
707,2020/2021,Bielefeld,Freiburg,0-0,1-0,1-0,Unknown,18:30,0,0,1,0,1,0,0,1,1,Home
708,2020/2021,Union Berlin,Hertha,1-1,0-0,1-1,Unknown,16:00,1,1,0,0,1,1,2,0,2,Draw
709,2020/2021,Stuttgart,W. Bremen,0-0,1-0,1-0,Unknown,13:30,0,0,1,0,1,0,0,1,1,Home
710,2020/2021,M'gladbach,Freiburg,0-1,2-0,2-1,Unknown,18:30,0,1,2,0,2,1,1,2,3,Home
711,2020/2021,RB Leipzig,Bayern,0-1,0-0,0-1,Unknown,16:30,0,1,0,0,0,1,1,0,1,Away
712,2020/2021,Wolfsburg,Köln,0-0,1-0,1-0,Unknown,13:30,0,0,1,0,1,0,0,1,1,Home
713,2020/2021,Leverkusen,Schalke,1-0,1-1,2-1,Unknown,13:30,1,0,1,1,2,1,1,2,3,Home
714,2020/2021,Dortmund,Frankfurt,1-1,0-1,1-2,Unknown,13:30,1,1,0,1,1,2,2,1,3,Away
715,2020/2021,Augsburg,Hoffenheim,2-0,0-1,2-1,Unknown,13:30,2,0,0,1,2,1,2,1,3,Home
716,2020/2021,Mainz,Bielefeld,0-0,1-1,1-1,Unknown,13:30,0,0,1,1,1,1,0,2,2,Draw
717,2020/2021,Freiburg,Augsburg,0-0,2-0,2-0,Unknown,17:00,0,0,2,0,2,0,0,2,2,Home
718,2020/2021,Hertha,Leverkusen,3-0,0-0,3-0,Unknown,14:30,3,0,0,0,3,0,3,0,3,Home
719,2020/2021,Hoffenheim,Mainz,1-2,0-0,1-2,Unknown,12:30,1,2,0,0,1,2,3,0,3,Away
720,2020/2021,Schalke,M'gladbach,0-1,0-2,0-3,Unknown,17:30,0,1,0,2,0,3,1,2,3,Away
721,2020/2021,W. Bremen,Wolfsburg,1-2,0-0,1-2,Unknown,14:30,1,2,0,0,1,2,3,0,3,Away
722,2020/2021,Frankfurt,Union Berlin,4-2,1-0,5-2,Unknown,14:30,4,2,1,0,5,2,6,1,7,Home
723,2020/2021,Köln,Dortmund,1-1,1-1,2-2,Unknown,14:30,1,1,1,1,2,2,2,2,4,Draw
724,2020/2021,Bayern,Stuttgart,4-0,0-0,4-0,Unknown,14:30,4,0,0,0,4,0,4,0,4,Home
725,2020/2021,Bielefeld,RB Leipzig,0-0,0-1,0-1,Unknown,19:30,0,0,0,1,0,1,0,1,1,Away
726,2020/2021,Stuttgart,Hoffenheim,1-0,1-0,2-0,Unknown,17:00,1,0,1,0,2,0,1,1,2,Home
727,2020/2021,RB Leipzig,Frankfurt,0-0,1-1,1-1,Unknown,14:30,0,0,1,1,1,1,0,2,2,Draw
728,2020/2021,Leverkusen,Bielefeld,0-1,1-1,1-2,Unknown,12:30,0,1,1,1,1,2,1,2,3,Away
729,2020/2021,Dortmund,Hertha,0-0,2-0,2-0,Unknown,17:30,0,0,2,0,2,0,0,2,2,Home
730,2020/2021,Mainz,Freiburg,0-0,1-0,1-0,Unknown,14:30,0,0,1,0,1,0,0,1,1,Home
731,2020/2021,Wolfsburg,Schalke,1-0,4-0,5-0,Unknown,14:30,1,0,4,0,5,0,1,4,5,Home
732,2020/2021,Union Berlin,Köln,0-1,2-0,2-1,Unknown,14:30,0,1,2,0,2,1,1,2,3,Home
733,2020/2021,W. Bremen,Bayern,0-2,1-1,1-3,Unknown,14:30,0,2,1,1,1,3,2,2,4,Away
734,2020/2021,Augsburg,M'gladbach,0-0,3-1,3-1,Unknown,19:30,0,0,3,1,3,1,0,4,4,Home
735,2020/2021,Bielefeld,Union Berlin,0-0,0-0,0-0,Unknown,17:00,0,0,0,0,0,0,0,0,0,Draw
736,2020/2021,Köln,W. Bremen,0-0,1-1,1-1,Unknown,14:30,0,0,1,1,1,1,0,2,2,Draw
737,2020/2021,Bayern,Dortmund,2-2,2-0,4-2,Unknown,17:30,2,2,2,0,4,2,4,2,6,Home
738,2020/2021,Frankfurt,Stuttgart,0-0,1-1,1-1,Unknown,14:30,0,0,1,1,1,1,0,2,2,Draw
739,2020/2021,Hoffenheim,Wolfsburg,2-1,0-0,2-1,Unknown,14:30,2,1,0,0,2,1,3,0,3,Home
740,2020/2021,Freiburg,RB Leipzig,0-1,0-2,0-3,Unknown,14:30,0,1,0,2,0,3,1,2,3,Away
741,2020/2021,M'gladbach,Leverkusen,0-0,0-1,0-1,Unknown,14:30,0,0,0,1,0,1,0,1,1,Away
742,2020/2021,Hertha,Augsburg,0-1,2-0,2-1,Unknown,14:30,0,1,2,0,2,1,1,2,3,Home
743,2020/2021,Schalke,Mainz,0-0,0-0,0-0,Unknown,19:30,0,0,0,0,0,0,0,0,0,Draw
744,2020/2021,Leverkusen,Freiburg,0-0,1-2,1-2,Unknown,17:00,0,0,1,2,1,2,0,3,3,Away
745,2020/2021,Mainz,Augsburg,0-1,0-0,0-1,Unknown,14:30,0,1,0,0,0,1,1,0,1,Away
746,2020/2021,Union Berlin,Hoffenheim,1-1,0-0,1-1,Unknown,12:30,1,1,0,0,1,1,2,0,2,Draw
747,2020/2021,RB Leipzig,M'gladbach,0-2,3-0,3-2,Unknown,17:30,0,2,3,0,3,2,2,3,5,Home
748,2020/2021,Wolfsburg,Hertha,1-0,1-0,2-0,Unknown,14:30,1,0,1,0,2,0,1,1,2,Home
749,2020/2021,Bayern,Köln,2-0,3-1,5-1,Unknown,14:30,2,0,3,1,5,1,2,4,6,Home
750,2020/2021,Stuttgart,Schalke,3-1,2-0,5-1,Unknown,14:30,3,1,2,0,5,1,4,2,6,Home
751,2020/2021,Dortmund,Bielefeld,0-0,3-0,3-0,Unknown,14:30,0,0,3,0,3,0,0,3,3,Home
752,2020/2021,W. Bremen,Frankfurt,0-1,2-0,2-1,Unknown,19:30,0,1,2,0,2,1,1,2,3,Home
753,2020/2021,Hoffenheim,W. Bremen,2-0,2-0,4-0,Unknown,17:00,2,0,2,0,4,0,2,2,4,Home
754,2020/2021,Hertha,RB Leipzig,0-1,0-2,0-3,Unknown,14:30,0,1,0,2,0,3,1,2,3,Away
755,2020/2021,Augsburg,Leverkusen,1-0,0-1,1-1,Unknown,12:30,1,0,0,1,1,1,1,1,2,Draw
756,2020/2021,Schalke,Dortmund,0-2,0-2,0-4,Unknown,17:30,0,2,0,2,0,4,2,2,4,Away
757,2020/2021,M'gladbach,Mainz,1-1,0-1,1-2,Unknown,14:30,1,1,0,1,1,2,2,1,3,Away
758,2020/2021,Frankfurt,Bayern,2-0,0-1,2-1,Unknown,14:30,2,0,0,1,2,1,2,1,3,Home
759,2020/2021,Köln,Stuttgart,0-0,0-1,0-1,Unknown,14:30,0,0,0,1,0,1,0,1,1,Away
760,2020/2021,Freiburg,Union Berlin,0-0,0-1,0-1,Unknown,14:30,0,0,0,1,0,1,0,1,1,Away
761,2020/2021,Bielefeld,Wolfsburg,0-1,0-2,0-3,Unknown,19:30,0,1,0,2,0,3,1,2,3,Away
762,2020/2021,Wolfsburg,M'gladbach,0-0,0-0,0-0,Unknown,17:00,0,0,0,0,0,0,0,0,0,Draw
763,2020/2021,Frankfurt,Köln,0-0,2-0,2-0,Unknown,14:30,0,0,2,0,2,0,0,2,2,Home
764,2020/2021,Bayern,Bielefeld,0-2,3-1,3-3,Unknown,19:30,0,2,3,1,3,3,2,4,6,Draw
765,2020/2021,Union Berlin,Schalke,0-0,0-0,0-0,Unknown,17:30,0,0,0,0,0,0,0,0,0,Draw
766,2020/2021,Leverkusen,Mainz,1-0,1-2,2-2,Unknown,14:30,1,0,1,2,2,2,1,3,4,Draw
767,2020/2021,W. Bremen,Freiburg,0-0,0-0,0-0,Unknown,14:30,0,0,0,0,0,0,0,0,0,Draw
768,2020/2021,Stuttgart,Hertha,1-0,0-1,1-1,Unknown,14:30,1,0,0,1,1,1,1,1,2,Draw
769,2020/2021,Dortmund,Hoffenheim,1-1,1-1,2-2,Unknown,14:30,1,1,1,1,2,2,2,2,4,Draw
770,2020/2021,RB Leipzig,Augsburg,2-0,0-1,2-1,Unknown,19:30,2,0,0,1,2,1,2,1,3,Home
771,2020/2021,Bielefeld,W. Bremen,0-0,0-2,0-2,Unknown,17:30,0,0,0,2,0,2,0,2,2,Away
772,2020/2021,Hoffenheim,Frankfurt,0-1,1-2,1-3,Unknown,14:30,0,1,1,2,1,3,1,3,4,Away
773,2020/2021,M'gladbach,Köln,1-1,0-1,1-2,Unknown,17:30,1,1,0,1,1,2,2,1,3,Away
774,2020/2021,Augsburg,Wolfsburg,0-1,0-1,0-2,Unknown,14:30,0,1,0,1,0,2,1,1,2,Away
775,2020/2021,Mainz,Union Berlin,1-0,0-0,1-0,Unknown,14:30,1,0,0,0,1,0,1,0,1,Home
776,2020/2021,Schalke,RB Leipzig,0-1,0-2,0-3,Unknown,14:30,0,1,0,2,0,3,1,2,3,Away
777,2020/2021,Freiburg,Dortmund,0-0,2-1,2-1,Unknown,14:30,0,0,2,1,2,1,0,3,3,Home
778,2020/2021,Hertha,Bayern,0-1,0-0,0-1,Unknown,19:00,0,1,0,0,0,1,1,0,1,Away
779,2020/2021,Leverkusen,Stuttgart,2-0,3-2,5-2,Unknown,14:30,2,0,3,2,5,2,2,5,7,Home
780,2020/2021,Wolfsburg,Freiburg,2-0,1-0,3-0,Unknown,17:00,2,0,1,0,3,0,2,1,3,Home
781,2020/2021,Köln,Bielefeld,2-0,1-1,3-1,Unknown,14:30,2,0,1,1,3,1,2,2,4,Home
782,2020/2021,RB Leipzig,Leverkusen,0-0,1-0,1-0,Unknown,17:30,0,0,1,0,1,0,0,1,1,Home
783,2020/2021,Union Berlin,M'gladbach,1-0,0-1,1-1,Unknown,14:30,1,0,0,1,1,1,1,1,2,Draw
784,2020/2021,Bayern,Hoffenheim,2-1,2-0,4-1,Unknown,14:30,2,1,2,0,4,1,3,2,5,Home
785,2020/2021,W. Bremen,Schalke,0-1,1-0,1-1,Unknown,14:30,0,1,1,0,1,1,1,1,2,Draw
786,2020/2021,Dortmund,Augsburg,1-1,2-0,3-1,Unknown,14:30,1,1,2,0,3,1,2,2,4,Home
787,2020/2021,Frankfurt,Hertha,0-0,3-1,3-1,Unknown,14:30,0,0,3,1,3,1,0,4,4,Home
788,2020/2021,Stuttgart,Mainz,0-0,2-0,2-0,Unknown,19:30,0,0,2,0,2,0,0,2,2,Home
789,2020/2021,Hoffenheim,Köln,2-0,1-0,3-0,Unknown,17:00,2,0,1,0,3,0,2,1,3,Home
790,2020/2021,Schalke,Bayern,0-1,0-3,0-4,Unknown,14:30,0,1,0,3,0,4,1,3,4,Away
791,2020/2021,Hertha,W. Bremen,1-2,0-2,1-4,Unknown,17:30,1,2,0,2,1,4,3,2,5,Away
792,2020/2021,Mainz,RB Leipzig,2-2,1-0,3-2,Unknown,14:30,2,2,1,0,3,2,4,1,5,Home
793,2020/2021,Freiburg,Stuttgart,2-1,0-0,2-1,Unknown,14:30,2,1,0,0,2,1,3,0,3,Home
794,2020/2021,Leverkusen,Wolfsburg,0-1,0-0,0-1,Unknown,14:30,0,1,0,0,0,1,1,0,1,Away
795,2020/2021,Bielefeld,Frankfurt,1-3,0-2,1-5,Unknown,14:30,1,3,0,2,1,5,4,2,6,Away
796,2020/2021,Augsburg,Union Berlin,1-1,1-0,2-1,Unknown,14:30,1,1,1,0,2,1,2,1,3,Home
797,2020/2021,M'gladbach,Dortmund,2-2,2-0,4-2,Unknown,19:30,2,2,2,0,4,2,4,2,6,Home
798,2020/2021,RB Leipzig,Union Berlin,0-0,1-0,1-0,Unknown,19:30,0,0,1,0,1,0,0,1,1,Home
799,2020/2021,Augsburg,Bayern,0-1,0-0,0-1,Unknown,19:30,0,1,0,0,0,1,1,0,1,Away
800,2020/2021,Freiburg,Frankfurt,1-1,1-1,2-2,Unknown,19:30,1,1,1,1,2,2,2,2,4,Draw
801,2020/2021,Bielefeld,Stuttgart,1-0,2-0,3-0,Unknown,19:30,1,0,2,0,3,0,1,2,3,Home
802,2020/2021,Schalke,Köln,0-1,1-1,1-2,Unknown,17:30,0,1,1,1,1,2,1,2,3,Away
803,2020/2021,Mainz,Wolfsburg,0-0,0-2,0-2,Unknown,19:30,0,0,0,2,0,2,0,2,2,Away
804,2020/2021,Leverkusen,Dortmund,1-0,1-1,2-1,Unknown,19:30,1,0,1,1,2,1,1,2,3,Home
805,2020/2021,Hertha,Hoffenheim,0-1,0-2,0-3,Unknown,19:30,0,1,0,2,0,3,1,2,3,Away
806,2020/2021,M'gladbach,W. Bremen,0-0,1-0,1-0,Unknown,17:30,0,0,1,0,1,0,0,1,1,Home
807,2020/2021,Frankfurt,Schalke,1-1,2-0,3-1,Unknown,17:00,1,1,2,0,3,1,2,2,4,Home
808,2020/2021,Bayern,Freiburg,1-0,1-1,2-1,Unknown,14:30,1,0,1,1,2,1,1,2,3,Home
809,2020/2021,Stuttgart,M'gladbach,0-1,2-1,2-2,Unknown,17:30,0,1,2,1,2,2,1,3,4,Draw
810,2020/2021,Dortmund,Mainz,0-0,1-1,1-1,Unknown,14:30,0,0,1,1,1,1,0,2,2,Draw
811,2020/2021,Köln,Hertha,0-0,0-0,0-0,Unknown,14:30,0,0,0,0,0,0,0,0,0,Draw
812,2020/2021,W. Bremen,Augsburg,0-0,2-0,2-0,Unknown,14:30,0,0,2,0,2,0,0,2,2,Home
813,2020/2021,Hoffenheim,Bielefeld,0-0,0-0,0-0,Unknown,14:30,0,0,0,0,0,0,0,0,0,Draw
814,2020/2021,Wolfsburg,RB Leipzig,2-1,0-1,2-2,Unknown,14:30,2,1,0,1,2,2,3,1,4,Draw
815,2020/2021,Union Berlin,Leverkusen,0-0,1-0,1-0,Unknown,19:30,0,0,1,0,1,0,0,1,1,Home
816,2020/2021,Bielefeld,Hertha,0-0,1-0,1-0,Unknown,17:00,0,0,1,0,1,0,0,1,1,Home
817,2020/2021,Augsburg,Stuttgart,0-2,1-2,1-4,Unknown,14:30,0,2,1,2,1,4,2,3,5,Away
818,2020/2021,RB Leipzig,Dortmund,0-0,1-3,1-3,Unknown,17:30,0,0,1,3,1,3,0,4,4,Away
819,2020/2021,Schalke,Hoffenheim,1-0,3-0,4-0,Unknown,14:30,1,0,3,0,4,0,1,3,4,Home
820,2020/2021,Union Berlin,Wolfsburg,1-1,1-1,2-2,Unknown,14:30,1,1,1,1,2,2,2,2,4,Draw
821,2020/2021,Mainz,Frankfurt,0-1,0-1,0-2,Unknown,14:30,0,1,0,1,0,2,1,1,2,Away
822,2020/2021,Freiburg,Köln,2-0,3-0,5-0,Unknown,14:30,2,0,3,0,5,0,2,3,5,Home
823,2020/2021,Leverkusen,W. Bremen,0-0,1-1,1-1,Unknown,14:30,0,0,1,1,1,1,0,2,2,Draw
824,2020/2021,M'gladbach,Bayern,2-2,1-0,3-2,Unknown,19:30,2,2,1,0,3,2,4,1,5,Home
825,2020/2021,Stuttgart,RB Leipzig,0-0,0-1,0-1,Unknown,19:30,0,0,0,1,0,1,0,1,1,Away
826,2020/2021,Bayern,Mainz,0-2,5-0,5-2,Unknown,17:00,0,2,5,0,5,2,2,5,7,Home
827,2020/2021,Dortmund,Wolfsburg,0-0,2-0,2-0,Unknown,14:30,0,0,2,0,2,0,0,2,2,Home
828,2020/2021,Hertha,Schalke,1-0,2-0,3-0,Unknown,17:30,1,0,2,0,3,0,1,2,3,Home
829,2020/2021,Hoffenheim,Freiburg,0-3,1-0,1-3,Unknown,14:30,0,3,1,0,1,3,3,1,4,Away
830,2020/2021,Bielefeld,M'gladbach,0-0,0-1,0-1,Unknown,14:30,0,0,0,1,0,1,0,1,1,Away
831,2020/2021,W. Bremen,Union Berlin,0-2,0-0,0-2,Unknown,14:30,0,2,0,0,0,2,2,0,2,Away
832,2020/2021,Frankfurt,Leverkusen,1-1,1-0,2-1,Unknown,14:30,1,1,1,0,2,1,2,1,3,Home
833,2020/2021,Köln,Augsburg,0-0,0-1,0-1,Unknown,14:30,0,0,0,1,0,1,0,1,1,Away
834,2020/2021,Wolfsburg,Stuttgart,0-0,1-0,1-0,Unknown,17:00,0,0,1,0,1,0,0,1,1,Home
835,2020/2021,Freiburg,Hertha,1-0,3-1,4-1,Unknown,14:30,1,0,3,1,4,1,1,4,5,Home
836,2020/2021,W. Bremen,Dortmund,1-1,0-1,1-2,Unknown,19:30,1,1,0,1,1,2,2,1,3,Away
837,2020/2021,Stuttgart,Union Berlin,0-1,2-1,2-2,Unknown,19:30,0,1,2,1,2,2,1,3,4,Draw
838,2020/2021,Frankfurt,M'gladbach,3-1,0-2,3-3,Unknown,17:30,3,1,0,2,3,3,4,2,6,Draw
839,2020/2021,Leverkusen,Hoffenheim,2-0,2-1,4-1,Unknown,17:00,2,0,2,1,4,1,2,3,5,Home
840,2020/2021,Augsburg,Schalke,1-0,1-2,2-2,Unknown,14:30,1,0,1,2,2,2,1,3,4,Draw
841,2020/2021,Union Berlin,Bayern,1-0,0-1,1-1,Unknown,17:30,1,0,0,1,1,1,1,1,2,Draw
842,2020/2021,Mainz,Köln,0-0,0-1,0-1,Unknown,14:30,0,0,0,1,0,1,0,1,1,Away
843,2020/2021,Freiburg,Bielefeld,0-0,2-0,2-0,Unknown,14:30,0,0,2,0,2,0,0,2,2,Home
844,2020/2021,M'gladbach,Hertha,0-0,1-1,1-1,Unknown,14:30,0,0,1,1,1,1,0,2,2,Draw
845,2020/2021,Dortmund,Stuttgart,1-1,0-4,1-5,Unknown,14:30,1,1,0,4,1,5,2,4,6,Away
846,2020/2021,RB Leipzig,W. Bremen,2-0,0-0,2-0,Unknown,14:30,2,0,0,0,2,0,2,0,2,Home
847,2020/2021,Wolfsburg,Frankfurt,0-0,2-1,2-1,Unknown,19:30,0,0,2,1,2,1,0,3,3,Home
848,2020/2021,Hoffenheim,Augsburg,1-1,2-0,3-1,Unknown,19:30,1,1,2,0,3,1,2,2,4,Home
849,2020/2021,Schalke,Leverkusen,0-1,0-2,0-3,Unknown,17:00,0,1,0,2,0,3,1,2,3,Away
850,2020/2021,W. Bremen,Stuttgart,0-1,1-1,1-2,Unknown,14:30,0,1,1,1,1,2,1,2,3,Away
851,2020/2021,Bayern,RB Leipzig,2-2,1-1,3-3,Unknown,17:30,2,2,1,1,3,3,4,2,6,Draw
852,2020/2021,Freiburg,M'gladbach,1-1,1-1,2-2,Unknown,14:30,1,1,1,1,2,2,2,2,4,Draw
853,2020/2021,Bielefeld,Mainz,2-0,0-1,2-1,Unknown,14:30,2,0,0,1,2,1,2,1,3,Home
854,2020/2021,Frankfurt,Dortmund,1-0,0-1,1-1,Unknown,14:30,1,0,0,1,1,1,1,1,2,Draw
855,2020/2021,Köln,Wolfsburg,2-1,0-1,2-2,Unknown,14:30,2,1,0,1,2,2,3,1,4,Draw
856,2020/2021,Hertha,Union Berlin,0-1,3-0,3-1,Unknown,19:30,0,1,3,0,3,1,1,3,4,Home
857,2020/2021,Mainz,Hoffenheim,1-0,0-1,1-1,Unknown,17:00,1,0,0,1,1,1,1,1,2,Draw
858,2020/2021,M'gladbach,Schalke,2-1,2-0,4-1,Unknown,17:30,2,1,2,0,4,1,3,2,5,Home
859,2020/2021,Leverkusen,Hertha,0-0,0-0,0-0,Unknown,14:30,0,0,0,0,0,0,0,0,0,Draw
860,2020/2021,RB Leipzig,Bielefeld,1-0,1-1,2-1,Unknown,14:30,1,0,1,1,2,1,1,2,3,Home
861,2020/2021,Union Berlin,Frankfurt,2-2,1-1,3-3,Unknown,14:30,2,2,1,1,3,3,4,2,6,Draw
862,2020/2021,Augsburg,Freiburg,0-0,1-1,1-1,Unknown,14:30,0,0,1,1,1,1,0,2,2,Draw
863,2020/2021,Stuttgart,Bayern,1-2,0-1,1-3,Unknown,14:30,1,2,0,1,1,3,3,1,4,Away
864,2020/2021,Dortmund,Köln,0-1,1-1,1-2,Unknown,14:30,0,1,1,1,1,2,1,2,3,Away
865,2020/2021,Wolfsburg,W. Bremen,3-2,2-1,5-3,Unknown,19:30,3,2,2,1,5,3,5,3,8,Home
866,2020/2021,Freiburg,Mainz,0-3,1-0,1-3,Unknown,14:30,0,3,1,0,1,3,3,1,4,Away
867,2020/2021,Köln,Union Berlin,1-1,0-1,1-2,Unknown,17:00,1,1,0,1,1,2,2,1,3,Away
868,2020/2021,Hertha,Dortmund,1-0,1-5,2-5,Unknown,19:30,1,0,1,5,2,5,1,6,7,Away
869,2020/2021,Frankfurt,RB Leipzig,1-0,0-1,1-1,Unknown,17:30,1,0,0,1,1,1,1,1,2,Draw
870,2020/2021,Hoffenheim,Stuttgart,1-2,2-1,3-3,Unknown,14:30,1,2,2,1,3,3,3,3,6,Draw
871,2020/2021,Bielefeld,Leverkusen,0-1,1-1,1-2,Unknown,14:30,0,1,1,1,1,2,1,2,3,Away
872,2020/2021,Bayern,W. Bremen,0-1,1-0,1-1,Unknown,14:30,0,1,1,0,1,1,1,1,2,Draw
873,2020/2021,Leverkusen,M'gladbach,2-2,2-1,4-3,Unknown,17:00,2,2,2,1,4,3,4,3,7,Home
874,2020/2021,M'gladbach,Augsburg,1-0,0-1,1-1,Unknown,14:30,1,0,0,1,1,1,1,1,2,Draw
875,2020/2021,Schalke,Wolfsburg,0-2,0-0,0-2,Unknown,14:30,0,2,0,0,0,2,2,0,2,Away
876,2020/2021,Wolfsburg,Hoffenheim,2-0,0-1,2-1,Unknown,14:30,2,0,0,1,2,1,2,1,3,Home
877,2020/2021,Dortmund,Bayern,1-1,1-2,2-3,Unknown,17:30,1,1,1,2,2,3,2,3,5,Away
878,2020/2021,Stuttgart,Frankfurt,2-0,0-2,2-2,Unknown,14:30,2,0,0,2,2,2,2,2,4,Draw
879,2020/2021,RB Leipzig,Freiburg,1-0,2-0,3-0,Unknown,14:30,1,0,2,0,3,0,1,2,3,Home
880,2020/2021,Union Berlin,Bielefeld,3-0,2-0,5-0,Unknown,14:30,3,0,2,0,5,0,3,2,5,Home
881,2020/2021,Augsburg,Hertha,0-1,0-2,0-3,Unknown,14:30,0,1,0,2,0,3,1,2,3,Away
882,2020/2021,Mainz,Schalke,2-1,0-1,2-2,Unknown,14:30,2,1,0,1,2,2,3,1,4,Draw
883,2020/2021,W. Bremen,Köln,0-0,1-1,1-1,Unknown,19:30,0,0,1,1,1,1,0,2,2,Draw
884,2020/2021,Hoffenheim,Union Berlin,0-0,1-3,1-3,Unknown,19:30,0,0,1,3,1,3,0,4,4,Away
885,2020/2021,Hertha,Wolfsburg,1-1,0-0,1-1,Unknown,17:00,1,1,0,0,1,1,2,0,2,Draw
886,2020/2021,Freiburg,Leverkusen,1-2,1-2,2-4,Unknown,14:30,1,2,1,2,2,4,3,3,6,Away
887,2020/2021,M'gladbach,RB Leipzig,0-0,1-0,1-0,Unknown,17:30,0,0,1,0,1,0,0,1,1,Home
888,2020/2021,Köln,Bayern,0-2,1-0,1-2,Unknown,14:30,0,2,1,0,1,2,2,1,3,Away
889,2020/2021,Augsburg,Mainz,1-0,2-1,3-1,Unknown,14:30,1,0,2,1,3,1,1,3,4,Home
890,2020/2021,Bielefeld,Dortmund,0-0,0-2,0-2,Unknown,14:30,0,0,0,2,0,2,0,2,2,Away
891,2020/2021,Frankfurt,W. Bremen,0-0,1-1,1-1,Unknown,14:30,0,0,1,1,1,1,0,2,2,Draw
892,2020/2021,W. Bremen,Hoffenheim,1-1,0-0,1-1,Unknown,17:00,1,1,0,0,1,1,2,0,2,Draw
893,2020/2021,Schalke,Stuttgart,1-0,0-1,1-1,Unknown,19:30,1,0,0,1,1,1,1,1,2,Draw
894,2020/2021,Leverkusen,Augsburg,1-0,2-1,3-1,Unknown,19:30,1,0,2,1,3,1,1,3,4,Home
895,2020/2021,Wolfsburg,Bielefeld,2-0,0-1,2-1,"4,519",14:30,2,0,0,1,2,1,2,1,3,Home
896,2020/2021,Dortmund,Schalke,0-0,3-0,3-0,300,16:30,0,0,3,0,3,0,0,3,3,Home
897,2020/2021,RB Leipzig,Hertha,1-1,1-0,2-1,999,13:30,1,1,1,0,2,1,2,1,3,Home
898,2020/2021,Union Berlin,Freiburg,1-1,0-0,1-1,"4,500",13:30,1,1,0,0,1,1,2,0,2,Draw
899,2020/2021,Mainz,M'gladbach,2-1,0-2,2-3,100,13:30,2,1,0,2,2,3,3,2,5,Away
900,2020/2021,Schalke,Union Berlin,0-0,1-1,1-1,300,16:00,0,0,1,1,1,1,0,2,2,Draw
901,2020/2021,Bayern,Frankfurt,2-0,3-0,5-0,Unknown,13:30,2,0,3,0,5,0,2,3,5,Home
902,2020/2021,Köln,Frankfurt,0-1,1-0,1-1,300,13:30,0,1,1,0,1,1,1,1,2,Draw
903,2020/2021,M'gladbach,Wolfsburg,0-0,1-1,1-1,300,18:30,0,0,1,1,1,1,0,2,2,Draw
904,2020/2021,Augsburg,RB Leipzig,0-1,0-1,0-2,Unknown,13:30,0,1,0,1,0,2,1,1,2,Away
905,2020/2021,Bielefeld,Bayern,0-3,1-1,1-4,Unknown,16:30,0,3,1,1,1,4,3,2,5,Away
906,2020/2021,Hertha,Stuttgart,0-1,0-1,0-2,"4,000",13:30,0,1,0,1,0,2,1,1,2,Away
907,2020/2021,Hoffenheim,Dortmund,0-0,0-1,0-1,"6,030",13:30,0,0,0,1,0,1,0,1,1,Away
908,2020/2021,Stuttgart,Köln,1-1,0-0,1-1,Unknown,18:30,1,1,0,0,1,1,2,0,2,Draw
909,2020/2021,Mainz,Leverkusen,0-1,0-0,0-1,250,13:30,0,1,0,0,0,1,1,0,1,Away
910,2020/2021,Freiburg,W. Bremen,1-1,0-0,1-1,Unknown,13:30,1,1,0,0,1,1,2,0,2,Draw
911,2020/2021,Bayern,Hertha,1-0,3-3,4-3,Unknown,16:00,1,0,3,3,4,3,1,6,7,Home
912,2020/2021,W. Bremen,Bielefeld,1-0,0-0,1-0,300,13:30,1,0,0,0,1,0,1,0,1,Home
913,2020/2021,Wolfsburg,Augsburg,0-0,0-0,0-0,"4,632",13:30,0,0,0,0,0,0,0,0,0,Draw
914,2020/2021,RB Leipzig,Schalke,3-0,1-0,4-0,"8,500",16:30,3,0,1,0,4,0,3,1,4,Home
915,2020/2021,Stuttgart,Leverkusen,0-1,1-0,1-1,"9,500",13:30,0,1,1,0,1,1,1,1,2,Draw
916,2020/2021,Dortmund,Freiburg,1-0,3-0,4-0,"11,500",13:30,1,0,3,0,4,0,1,3,4,Home
917,2020/2021,Frankfurt,Hoffenheim,0-1,2-0,2-1,"8,000",13:30,0,1,2,0,2,1,1,2,3,Home
918,2020/2021,Köln,M'gladbach,0-2,1-1,1-3,300,13:30,0,2,1,1,1,3,2,2,4,Away
919,2020/2021,Union Berlin,Mainz,1-0,3-0,4-0,"4,400",18:30,1,0,3,0,4,0,1,3,4,Home
920,2020/2021,Freiburg,Wolfsburg,1-1,0-0,1-1,"3,200",16:00,1,1,0,0,1,1,2,0,2,Draw
921,2020/2021,Hoffenheim,Bayern,2-1,2-0,4-1,Unknown,13:30,2,1,2,0,4,1,3,2,5,Home
922,2020/2021,Augsburg,Dortmund,1-0,1-0,2-0,"6,000",13:30,1,0,1,0,2,0,1,1,2,Home
923,2020/2021,Schalke,W. Bremen,0-2,1-1,1-3,Unknown,16:30,0,2,1,1,1,3,2,2,4,Away
924,2020/2021,Bielefeld,Köln,0-0,1-0,1-0,"5,460",13:30,0,0,1,0,1,0,0,1,1,Home
925,2020/2021,M'gladbach,Union Berlin,0-0,1-1,1-1,"10,383",13:30,0,0,1,1,1,1,0,2,2,Draw
926,2020/2021,Mainz,Stuttgart,1-1,0-3,1-4,"3,403",13:30,1,1,0,3,1,4,2,3,5,Away
927,2020/2021,Leverkusen,RB Leipzig,1-1,0-0,1-1,"6,042",13:30,1,1,0,0,1,1,2,0,2,Draw
928,2020/2021,Wolfsburg,Leverkusen,0-0,0-0,0-0,Unknown,16:00,0,0,0,0,0,0,0,0,0,Draw
929,2020/2021,RB Leipzig,Mainz,2-0,1-1,3-1,"8,500",13:30,2,0,1,1,3,1,2,2,4,Home
930,2020/2021,Hertha,Frankfurt,0-2,1-1,1-3,"4,000",18:30,0,2,1,1,1,3,2,2,4,Away
931,2020/2021,Dortmund,M'gladbach,1-0,2-0,3-0,"9,300",16:30,1,0,2,0,3,0,1,2,3,Home
932,2020/2021,Union Berlin,Augsburg,0-1,1-2,1-3,"4,600",13:30,0,1,1,2,1,3,1,3,4,Away
933,2020/2021,W. Bremen,Hertha,0-2,1-2,1-4,"8,400",13:30,0,2,1,2,1,4,2,3,5,Away
934,2020/2021,Stuttgart,Freiburg,0-2,2-1,2-3,"7,123",13:30,0,2,2,1,2,3,2,3,5,Away
935,2020/2021,Frankfurt,Bielefeld,0-0,1-1,1-1,"6,500",13:30,0,0,1,1,1,1,0,2,2,Draw
936,2020/2021,Köln,Hoffenheim,1-2,1-1,2-3,Unknown,13:30,1,2,1,1,2,3,3,2,5,Away
